symbol,underlying_price,mark_price,open_interest,volume_24h,delta,gamma,vega,theta,iv,timestamp
XRP-27OCT25-2.475-P-USDT,2.44376905,0.08158759,0.0,0.0,-0.56327905,2.44099779,0.00088591,-0.01028146,0.7176,2025-10-24 08:48:27.490004
XRP-27OCT25-2.5-C-USDT,2.44376905,0.04114175,0.0,0.0,0.37847314,2.34412302,0.00085526,-0.00997842,0.7214,2025-10-24 08:48:27.818290
XRP-27OCT25-2.325-P-USDT,2.44376905,0.02731755,0.0,0.0,-0.2421024,1.69813659,0.00070248,-0.00929255,0.8179,2025-10-24 08:48:28.152360
XRP-27OCT25-2.4-C-USDT,2.44394395,0.09049456,0.0,0.0,0.61752228,2.27736314,0.00085806,-0.01033689,0.7449,2025-10-24 08:48:28.486032
XRP-27OCT25-2.3-P-USDT,2.44394395,0.0231296,0.0,0.0,-0.20706726,1.49811871,0.00064286,-0.00881995,0.8483,2025-10-24 08:48:28.813425
XRP-27OCT25-2.6-P-USDT,2.44394395,0.17557271,0.0,0.0,-0.7954006,1.61569395,0.0006383,-0.00806258,0.781,2025-10-24 08:48:29.145518
XRP-27OCT25-2.2-C-USDT,2.44434528,0.2570166,0.0,0.0,0.88665168,0.8683774,0.00043216,-0.0068743,0.9835,2025-10-24 08:48:29.477342
XRP-27OCT25-2.55-C-USDT,2.44434528,0.02799467,0.0,0.0,0.27970428,2.01008062,0.00075686,-0.00910866,0.7441,2025-10-24 08:48:29.805946
XRP-27OCT25-2.7-P-USDT,2.44434528,0.26623834,0.0,0.0,-0.88527185,0.98965031,0.00043591,-0.00613681,0.8705,2025-10-24 08:48:30.132740
XRP-27OCT25-2.5-P-USDT,2.44459135,0.09683575,0.0,0.0,-0.61965905,2.34788093,0.00085684,-0.00999263,0.7211,2025-10-24 08:48:30.478911
XRP-27OCT25-2.15-C-USDT,2.44459135,0.3042711,0.0,0.0,0.91466785,0.65699286,0.00035111,-0.00599615,1.0559,2025-10-24 08:48:31.110586
XRP-27OCT25-2.325-C-USDT,2.44462631,0.14679727,0.0,0.0,0.75914471,1.69100556,0.00070075,-0.00927967,0.8188,2025-10-24 08:48:31.441892
XRP-27OCT25-2.55-P-USDT,2.44462631,0.13343098,0.0,0.0,-0.71979301,2.01217339,0.0007576,-0.00911511,0.7439,2025-10-24 08:48:31.778012
XRP-27OCT25-2.65-C-USDT,2.44462631,0.01419541,0.0,0.0,0.15236806,1.27145857,0.00053005,-0.00706123,0.8237,2025-10-24 08:48:32.104356
XRP-27OCT25-2.475-C-USDT,2.44463604,0.05072589,0.0,0.0,0.43882375,2.44256775,0.00088696,-0.01029224,0.7175,2025-10-24 08:48:32.434154
XRP-27OCT25-2.1-P-USDT,2.44463604,0.00752906,0.0,0.0,-0.06509561,0.49935577,0.00028559,-0.00521926,1.13,2025-10-24 08:48:32.771904
XRP-27OCT25-2.375-C-USDT,2.44463604,0.10818597,0.0,0.0,0.67191405,2.09660039,0.00081285,-0.01007056,0.766,2025-10-24 08:48:33.101794
XRP-27OCT25-2.425-C-USDT,2.44472339,0.07555524,0.0,0.0,0.56127443,2.40126553,0.00088695,-0.0104685,0.7298,2025-10-24 08:48:33.434651
XRP-27OCT25-2.35-C-USDT,2.44472339,0.12696449,0.0,0.0,0.71881381,1.89568383,0.00075891,-0.00970802,0.7909,2025-10-24 08:48:33.764956
XRP-27OCT25-2.35-P-USDT,2.44472339,0.0322411,0.0,0.0,-0.2811862,1.89568383,0.00075891,-0.00970802,0.7909,2025-10-24 08:48:34.096068
XRP-27OCT25-2.75-P-USDT,2.44506466,0.31309217,0.0,0.0,-0.91151663,0.77693317,0.00036082,-0.00535288,0.9173,2025-10-24 08:48:34.730413
XRP-27OCT25-2.15-P-USDT,2.44506466,0.00965891,0.0,0.0,-0.08512609,0.65533186,0.00035054,-0.0059897,1.0565,2025-10-24 08:48:35.057845
XRP-27OCT25-2.525-P-USDT,2.44504478,0.11405605,0.0,0.0,-0.67198565,2.19947375,0.00081291,-0.00959796,0.73,2025-10-24 08:48:35.388020
XRP-27OCT25-2.4-P-USDT,2.44504478,0.04618824,0.0,0.0,-0.38005473,2.26993122,0.00085679,-0.01033124,0.7455,2025-10-24 08:48:36.071082
XRP-27OCT25-2.45-C-USDT,2.44502991,0.06225858,0.0,0.0,0.50100148,2.46142779,0.00089767,-0.01045843,0.7204,2025-10-24 08:48:36.403863
XRP-27OCT25-2.2-P-USDT,2.44502991,0.01262823,0.0,0.0,-0.11292876,0.86513958,0.00043114,-0.00686379,0.9843,2025-10-24 08:48:36.735011
XRP-27OCT25-2.525-C-USDT,2.44502991,0.03409654,0.0,0.0,0.32798348,2.19938172,0.00081287,-0.00959767,0.73,2025-10-24 08:48:37.067725
XRP-27OCT25-2.1-C-USDT,2.44504738,0.35256335,0.0,0.0,0.93503388,0.4982898,0.00028519,-0.00521438,1.1305,2025-10-24 08:48:37.399258
XRP-27OCT25-2.45-P-USDT,2.44504738,0.06722006,0.0,0.0,-0.49895548,2.46140532,0.00089767,-0.01045856,0.7204,2025-10-24 08:48:37.730807
XRP-27OCT25-2.6-C-USDT,2.44504738,0.0196747,0.0,0.0,0.20603761,1.62392565,0.00064124,-0.00808902,0.78,2025-10-24 08:48:38.058683
XRP-27OCT25-2.7-C-USDT,2.4450552,0.01062955,0.0,0.0,0.1151985,0.99317868,0.0004373,-0.00615091,0.8697,2025-10-24 08:48:38.686391
XRP-27OCT25-2.375-P-USDT,2.4450552,0.03843887,0.0,0.0,-0.32726516,2.09323134,0.00081216,-0.01006655,0.7664,2025-10-24 08:48:39.017292
XRP-27OCT25-2.25-P-USDT,2.44508327,0.01683459,0.0,0.0,-0.15157184,1.14052584,0.0005283,-0.0078175,0.9149,2025-10-24 08:48:39.348738
XRP-27OCT25-2.3-C-USDT,2.44508327,0.16805539,0.0,0.0,0.79433333,1.48928645,0.00064056,-0.00880154,0.8495,2025-10-24 08:48:39.693214
XRP-27OCT25-2.65-P-USDT,2.44508327,0.21915523,0.0,0.0,-0.84720857,1.27433996,0.00053112,-0.00707147,0.8232,2025-10-24 08:48:40.029389
XRP-27OCT25-2.425-P-USDT,2.44505621,0.05569693,0.0,0.0,-0.43793252,2.39978233,0.00088679,-0.0104687,0.7299,2025-10-24 08:48:40.370411
XRP-27OCT25-2.25-C-USDT,2.44505621,0.21189316,0.0,0.0,0.84840528,1.14069393,0.00052835,-0.00781794,0.9149,2025-10-24 08:48:40.695960
XRP-27OCT25-2.75-C-USDT,2.44505621,0.00815607,0.0,0.0,0.08847668,0.77689251,0.00036079,-0.00535268,0.9173,2025-10-24 08:48:41.028640
XRP-28NOV25-3.4-C-USDT,2.4532,0.03075519,100.0,2060.0,0.11522021,0.32106608,0.00147846,-0.00167657,0.7959,2025-10-24 08:48:41.358714
XRP-28NOV25-2.6-P-USDT,2.4532,0.32116304,0.0,3500.0,-0.54896788,0.67414102,0.00301168,-0.00331334,0.7722,2025-10-24 08:48:41.691736
XRP-28NOV25-3.8-C-USDT,2.4531,0.01263188,0.0,0.0,0.05316622,0.17557954,0.00082372,-0.00095175,0.811,2025-10-24 08:48:42.334628
XRP-28NOV25-3.2-P-USDT,2.4531,0.794926,0.0,0.0,-0.83260503,0.4176214,0.00190577,-0.00214188,0.7888,2025-10-24 08:48:42.668546
XRP-28NOV25-3.6-P-USDT,2.4531,1.16657886,0.0,0.0,-0.92153186,0.23977326,0.00111436,-0.00127551,0.8034,2025-10-24 08:48:42.995294
XRP-28NOV25-2.3-C-USDT,2.4531,0.31033386,20.0,7020.0,0.65151599,0.63193481,0.00281287,-0.00308363,0.7694,2025-10-24 08:48:43.328921
XRP-28NOV25-2-C-USDT,2.4531,0.51117935,0.0,3500.0,0.83423868,0.42300247,0.00189375,-0.00208803,0.7739,2025-10-24 08:48:43.658639
XRP-28NOV25-2.4-P-USDT,2.4531,0.20488775,10.0,11010.0,-0.41643479,0.66645807,0.00296762,-0.00325447,0.7697,2025-10-24 08:48:44.018887
XRP-28NOV25-3.2-C-USDT,2.4531,0.04802595,3600.0,3600.0,0.16739488,0.41762138,0.00190577,-0.00214188,0.7888,2025-10-24 08:48:44.345638
XRP-28NOV25-2.3-P-USDT,2.4531,0.15723383,100.0,12100.0,-0.34848401,0.63193491,0.00281287,-0.00308363,0.7694,2025-10-24 08:48:44.674211
XRP-28NOV25-1.4-C-USDT,2.4531,1.05537964,0.0,0.0,0.99007715,0.04236488,0.00020136,-0.0002357,0.8216,2025-10-24 08:48:45.004375
XRP-28NOV25-3-C-USDT,2.4531,0.07469001,24050.0,24780.0,0.23930256,0.5216784,0.00236081,-0.00263122,0.7823,2025-10-24 08:48:45.338286
XRP-28NOV25-3.8-P-USDT,2.4531,1.35953185,0.0,0.0,-0.94683388,0.17557937,0.00082372,-0.00095175,0.811,2025-10-24 08:48:46.026189
XRP-28NOV25-2.6-C-USDT,2.4529,0.17423912,3520.0,3520.0,0.45083691,0.67414953,0.00301112,-0.0033129,0.7722,2025-10-24 08:48:46.383802
XRP-28NOV25-4-C-USDT,2.4529,0.00814506,0.0,0.0,0.03594329,0.12685134,0.00060064,-0.00070056,0.8186,2025-10-24 08:48:46.731639
XRP-28NOV25-2.5-C-USDT,2.4529,0.2127029,14740.0,14740.0,0.51590409,0.68011376,0.00303178,-0.00332906,0.7707,2025-10-24 08:48:47.418813
XRP-28NOV25-2.5-P-USDT,2.4529,0.2598029,0.0,3500.0,-0.48409592,0.68011376,0.00303178,-0.00332906,0.7707,2025-10-24 08:48:47.748770
XRP-28NOV25-2.4-C-USDT,2.4529,0.25787784,1010.0,8010.0,0.58343225,0.66654049,0.00296759,-0.00325454,0.7697,2025-10-24 08:48:48.080070
XRP-28NOV25-1.8-P-USDT,2.453,0.02433718,0.0,10.0,-0.08124936,0.25266086,0.00114405,-0.00127593,0.7828,2025-10-24 08:48:48.409472
XRP-28NOV25-1.6-P-USDT,2.453,0.00834584,0.0,0.0,-0.03211342,0.11859412,0.00054751,-0.00062258,0.7981,2025-10-24 08:48:48.760291
XRP-28NOV25-1.8-C-USDT,2.453,0.67733718,0.0,0.0,0.91875065,0.25266086,0.00114405,-0.00127593,0.7828,2025-10-24 08:48:49.092825
XRP-28NOV25-3.6-C-USDT,2.4528,0.01966043,0.0,0.0,0.07841016,0.23965453,0.0011136,-0.00127471,0.8034,2025-10-24 08:48:49.424049
XRP-28NOV25-3.4-P-USDT,2.4528,0.97791801,0.0,0.0,-0.88488697,0.32088183,0.00147724,-0.00167532,0.796,2025-10-24 08:48:50.056596
XRP-28NOV25-4-P-USDT,2.4527,1.55543976,0.0,0.0,-0.96407585,0.1268015,0.00060033,-0.00070022,0.8186,2025-10-24 08:48:50.388169
XRP-28NOV25-2.8-C-USDT,2.4527,0.11491666,100.0,2500.0,0.33374531,0.61596749,0.00276651,-0.00306116,0.7766,2025-10-24 08:48:50.721459
XRP-28NOV25-1.4-P-USDT,2.4527,0.00228385,0.0,0.0,-0.00994062,0.04243739,0.00020164,-0.00023604,0.8216,2025-10-24 08:48:51.050163
XRP-28NOV25-1.6-C-USDT,2.4527,0.8610563,0.0,0.0,0.96784883,0.11872152,0.00054797,-0.00062312,0.7981,2025-10-24 08:48:51.383263
XRP-28NOV25-1.2-C-USDT,2.4527,1.2531856,0.0,0.0,0.99765977,0.01123968,5.56e-05,-6.776e-05,0.8553,2025-10-24 08:48:51.714655
XRP-28NOV25-2-P-USDT,2.4527,0.05815215,3500.0,3500.0,-0.16593863,0.42334523,0.00189474,-0.00208923,0.7739,2025-10-24 08:48:52.044913
XRP-28NOV25-2.2-P-USDT,2.4524,0.11717995,3500.0,11600.0,-0.28288144,0.57780073,0.00257237,-0.00282212,0.77,2025-10-24 08:48:52.380182
XRP-28NOV25-2.8-P-USDT,2.4524,0.46242783,0.0,0.0,-0.66642668,0.61588534,0.00276561,-0.00306033,0.7767,2025-10-24 08:48:52.708969
XRP-28NOV25-3-P-USDT,2.4524,0.62214608,0.0,160.0,-0.76102499,0.52137056,0.00235837,-0.00262884,0.7824,2025-10-24 08:48:53.036016
XRP-28NOV25-1.2-P-USDT,2.4524,0.00053569,0.0,0.0,-0.00253614,0.01196929,5.979e-05,-7.359e-05,0.8639,2025-10-24 08:48:53.673050
XRP-28NOV25-2.2-C-USDT,2.4524,0.36982974,0.0,3500.0,0.71697564,0.57721301,0.00257299,-0.00282636,0.771,2025-10-24 08:48:54.007283
XRP-26OCT25-2.9-P-USDT,2.44348351,0.45786909,0.0,0.0,-0.97769778,0.26021899,9.821e-05,-0.00259027,1.1031,2025-10-24 08:48:54.340169
XRP-26OCT25-2.2-C-USDT,2.44348351,0.2500406,0.0,0.0,0.92333727,0.78013677,0.00026621,-0.00635032,0.9977,2025-10-24 08:48:54.689655
XRP-26OCT25-2.35-P-USDT,2.44348351,0.02125822,0.0,0.0,-0.24356681,2.18814246,0.00057957,-0.0107313,0.7744,2025-10-24 08:48:55.023452
XRP-26OCT25-2.475-P-USDT,2.44345631,0.06864848,0.0,0.0,-0.58652173,3.04483743,0.00072041,-0.01191541,0.6918,2025-10-24 08:48:55.357566
XRP-26OCT25-1.9-P-USDT,2.44345631,0.00122311,0.0,0.0,-0.01215662,0.11278814,5.842e-05,-0.00211525,1.5143,2025-10-24 08:48:55.694604
XRP-26OCT25-2.8-C-USDT,2.44345631,0.00273116,0.0,0.0,0.0380926,0.45059481,0.00015316,-0.00363934,0.9938,2025-10-24 08:48:56.028549
XRP-26OCT25-2.375-P-USDT,2.44349135,0.02673464,0.0,0.0,-0.29744289,2.51178196,0.00064054,-0.01141928,0.7456,2025-10-24 08:48:56.360341
XRP-26OCT25-2.425-C-USDT,2.44349135,0.06151907,10.0,10.0,0.56717428,3.020002,0.00072734,-0.012246,0.7042,2025-10-24 08:48:57.036646
XRP-26OCT25-2.25-P-USDT,2.44348535,0.00936235,0.0,0.0,-0.11074763,1.11344193,0.00034946,-0.00766736,0.9176,2025-10-24 08:48:57.699427
XRP-26OCT25-2.1-P-USDT,2.44348535,0.00348761,0.0,0.0,-0.03898474,0.39179426,0.00015608,-0.00434653,1.1647,2025-10-24 08:48:58.057430
XRP-26OCT25-2.5-P-USDT,2.44319999,0.08529173,0.0,0.0,-0.65874496,2.84543501,0.00067853,-0.01131423,0.6974,2025-10-24 08:48:58.390093
XRP-26OCT25-2.4-C-USDT,2.44319999,0.07714096,280.0,280.0,0.63832269,2.80842948,0.00069294,-0.01195518,0.7216,2025-10-24 08:48:58.722833
XRP-26OCT25-2.375-C-USDT,2.44319999,0.09499521,2000.0,2000.0,0.70196701,2.51514608,0.00064105,-0.01142484,0.7454,2025-10-24 08:48:59.053067
XRP-26OCT25-1.9-C-USDT,2.44317424,0.54439854,0.0,0.0,0.98782863,0.11294842,5.848e-05,-0.00211674,1.514,2025-10-24 08:48:59.377652
XRP-26OCT25-2.35-C-USDT,2.44317424,0.11448774,0.0,0.0,0.75584521,2.19225214,0.00058025,-0.01073939,0.7741,2025-10-24 08:48:59.713100
XRP-26OCT25-2.7-P-USDT,2.44317424,0.26185738,0.0,0.0,-0.92860037,0.83669519,0.0002521,-0.00531143,0.8812,2025-10-24 08:49:00.047469
XRP-26OCT25-2.475-C-USDT,2.44316786,0.03700739,500.0,500.0,0.4125435,3.04342475,0.00071993,-0.0119087,0.6918,2025-10-24 08:49:00.381898
XRP-26OCT25-2-P-USDT,2.44316786,0.00201096,0.0,0.0,-0.02124132,0.20611934,9.422e-05,-0.00301178,1.3368,2025-10-24 08:49:00.714191
XRP-26OCT25-2-C-USDT,2.44313655,0.44514775,0.0,0.0,0.97875558,0.2061545,9.423e-05,-0.00301203,1.3368,2025-10-24 08:49:01.693589
XRP-26OCT25-2.9-C-USDT,2.44313655,0.00164122,0.0,0.0,0.02222041,0.25928308,9.788e-05,-0.00258367,1.104,2025-10-24 08:49:02.057701
XRP-26OCT25-2.325-C-USDT,2.44308662,0.13524888,10.0,10.0,0.80026749,1.87601168,0.00051728,-0.00997442,0.8064,2025-10-24 08:49:02.390250
XRP-26OCT25-2.1-C-USDT,2.44308662,0.34676679,0.0,0.0,0.95949771,0.40038363,0.00016097,-0.0045259,1.1759,2025-10-24 08:49:02.719138
XRP-26OCT25-2.3-P-USDT,2.44308662,0.01426627,0.0,0.0,-0.16592751,1.58526064,0.00046068,-0.00936256,0.85,2025-10-24 08:49:03.051261
XRP-26OCT25-2.25-C-USDT,2.44292638,0.20298891,0.0,0.0,0.88439002,1.12633881,0.00036025,-0.00805913,0.9356,2025-10-24 08:49:03.379174
XRP-26OCT25-2.325-P-USDT,2.44292638,0.01838917,0.0,0.0,-0.20639635,1.85884634,0.00052747,-0.01046901,0.8301,2025-10-24 08:49:03.711919
XRP-26OCT25-2.7-C-USDT,2.44292638,0.00547048,0.0,0.0,0.07540646,0.8552349,0.00026282,-0.00564906,0.8989,2025-10-24 08:49:04.045339
XRP-26OCT25-2.5-C-USDT,2.44307613,0.03001786,100.0,100.0,0.34612207,2.76646539,0.00068207,-0.01176209,0.7212,2025-10-24 08:49:04.374359
XRP-26OCT25-2.3-C-USDT,2.44307613,0.15842249,0.0,0.0,0.82801053,1.57924442,0.00047142,-0.00984174,0.8731,2025-10-24 08:49:04.716180
XRP-26OCT25-2.6-P-USDT,2.44305765,0.16877999,0.0,0.0,-0.84217833,1.63869962,0.00044589,-0.00848507,0.7958,2025-10-24 08:49:05.345298
XRP-26OCT25-2.8-P-USDT,2.44305765,0.3603224,0.0,0.0,-0.95566259,0.48961364,0.00017319,-0.00428449,1.0346,2025-10-24 08:49:05.678131
XRP-26OCT25-2.6-C-USDT,2.44305765,0.01220977,0.0,0.0,0.16034433,1.63943556,0.00045054,-0.00865937,0.8038,2025-10-24 08:49:06.016525
XRP-26OCT25-2.4-P-USDT,2.44311975,0.03443807,2810.0,2810.0,-0.36306381,2.78742956,0.00069378,-0.01207712,0.728,2025-10-24 08:49:06.354656
XRP-26OCT25-2.2-P-USDT,2.44311975,0.00799311,0.0,0.0,-0.08673773,0.8152372,0.00029213,-0.00732111,1.0481,2025-10-24 08:49:06.684554
XRP-26OCT25-2.425-P-USDT,2.44311975,0.04356674,0.0,0.0,-0.43427348,3.00018859,0.00072766,-0.01234275,0.7094,2025-10-24 08:49:07.016583
XRP-25OCT25-2.4-C-USDT,2.44270481,0.06663608,40.0,50.0,0.66571059,3.4363596,0.0004861,-0.01767311,0.7933,2025-10-24 08:49:07.349650
XRP-25OCT25-2.9-P-USDT,2.44270481,0.45730502,0.0,0.0,-0.99968144,0.00959922,1.57e-06,-6.532e-05,0.9125,2025-10-24 08:49:07.681808
XRP-25OCT25-2.25-C-USDT,2.44270481,0.19449621,0.0,0.0,0.96175607,0.72345802,0.00011095,-0.00437303,0.86,2025-10-24 08:49:08.009368
XRP-25OCT25-2.35-C-USDT,2.44274312,0.10389845,0.0,0.0,0.81504451,2.46852053,0.00035642,-0.01322573,0.8097,2025-10-24 08:49:08.340947
XRP-25OCT25-2.6-C-USDT,2.44274312,0.00369353,1010.0,1010.0,0.07846346,1.38152209,0.00019564,-0.00712044,0.7941,2025-10-24 08:49:08.971603
XRP-25OCT25-2.1-C-USDT,2.44266579,0.34274013,0.0,0.0,0.99805197,0.04795239,8.27e-06,-0.00036629,0.9668,2025-10-24 08:49:09.300286
XRP-25OCT25-2-P-USDT,2.44266579,8.06e-06,0.0,0.0,-0.00022557,0.00604096,1.14e-06,-5.456e-05,1.0512,2025-10-24 08:49:09.631847
XRP-25OCT25-2.25-P-USDT,2.44266579,0.0017926,2500.0,2500.0,-0.03826775,0.72385919,0.00011101,-0.00437514,0.86,2025-10-24 08:49:09.959625
XRP-25OCT25-2.7-P-USDT,2.44272129,0.25786864,0.0,0.0,-0.98601164,0.32360664,4.763e-05,-0.00180126,0.8253,2025-10-24 08:49:10.293449
XRP-25OCT25-2-C-USDT,2.44272129,0.44272934,0.0,0.0,0.99977469,0.00603429,1.14e-06,-5.45e-05,1.0512,2025-10-24 08:49:10.624986
XRP-25OCT25-2.9-C-USDT,2.44272129,9.84e-06,0.0,0.0,0.00031861,0.0096007,1.57e-06,-6.533e-05,0.9125,2025-10-24 08:49:10.963716
XRP-25OCT25-2.2-C-USDT,2.44266223,0.24330691,0.0,0.0,0.98498357,0.31817531,5.062e-05,-0.00206995,0.8922,2025-10-24 08:49:11.300461
XRP-25OCT25-2.375-C-USDT,2.44266223,0.0842621,0.0,0.0,0.74656375,2.99393322,0.00042742,-0.0156845,0.8006,2025-10-24 08:49:11.629178
XRP-25OCT25-1.9-C-USDT,2.44266223,0.54266311,0.0,0.0,0.99997471,0.0007088,1.5e-07,-7.57e-06,1.1428,2025-10-24 08:49:11.959362
XRP-25OCT25-2.2-P-USDT,2.44266599,0.00064461,0.0,0.0,-0.01501498,0.31814941,5.062e-05,-0.00206979,0.8922,2025-10-24 08:49:12.588167
XRP-25OCT25-2.45-P-USDT,2.44266599,0.04557627,0.0,0.0,-0.51936466,3.80783287,0.00053211,-0.01911305,0.7837,2025-10-24 08:49:12.917349
XRP-25OCT25-2.7-C-USDT,2.44225604,0.00053437,0.0,0.0,0.01398715,0.32358751,4.762e-05,-0.00180115,0.8253,2025-10-24 08:49:13.265474
XRP-25OCT25-2.1-P-USDT,2.44225604,7.492e-05,0.0,0.0,-0.00196303,0.04830862,8.33e-06,-0.00036871,0.9665,2025-10-24 08:49:13.592834
XRP-25OCT25-2.5-P-USDT,2.44225604,0.07711023,0.0,0.0,-0.70054638,3.33162795,0.00046383,-0.0166048,0.7811,2025-10-24 08:49:13.919855
XRP-25OCT25-2.375-P-USDT,2.44238459,0.01666736,1020.0,1020.0,-0.25425096,2.99958442,0.00042809,-0.01570828,0.8006,2025-10-24 08:49:14.248716
XRP-25OCT25-2.35-P-USDT,2.44238459,0.01121749,1530.0,1530.0,-0.18580805,2.47631073,0.00035737,-0.01326047,0.8096,2025-10-24 08:49:14.587902
XRP-25OCT25-2.5-C-USDT,2.44238459,0.01940384,1000.0,1010.0,0.2998769,3.33367174,0.00046415,-0.01661605,0.781,2025-10-24 08:49:14.922366
XRP-25OCT25-2.8-P-USDT,2.44234595,0.35772483,0.0,0.0,-0.99788702,0.05759401,8.9e-06,-0.00035349,0.8667,2025-10-24 08:49:15.252173
XRP-25OCT25-2.3-C-USDT,2.44234595,0.14704505,0.0,0.0,0.91036827,1.45742257,0.00021616,-0.00824356,0.832,2025-10-24 08:49:15.580451
XRP-25OCT25-1.9-P-USDT,2.44186392,8.9e-07,0.0,0.0,-2.566e-05,0.00071909,1.5e-07,-7.67e-06,1.1423,2025-10-24 08:49:16.214311
XRP-25OCT25-2.6-P-USDT,2.44186392,0.16176661,0.0,0.0,-0.92266886,1.36637302,0.00019342,-0.00704289,0.7944,2025-10-24 08:49:16.562181
XRP-25OCT25-2.45-C-USDT,2.44186392,0.03785671,260.0,340.0,0.47758009,3.80766988,0.00053171,-0.01909932,0.7837,2025-10-24 08:49:16.890537
XRP-25OCT25-2.3-P-USDT,2.44177644,0.00474566,20.0,20.0,-0.09040974,1.46753699,0.0002175,-0.00829275,0.8318,2025-10-24 08:49:17.218737
XRP-25OCT25-2.8-C-USDT,2.44177644,6.988e-05,0.0,0.0,0.00208784,0.05696304,8.8e-06,-0.00034973,0.8671,2025-10-24 08:49:17.595544
XRP-25OCT25-2.4-P-USDT,2.44177644,0.02425492,1770.0,1790.0,-0.33735013,3.45063386,0.00048763,-0.01772775,0.7932,2025-10-24 08:49:17.922140
XRP-7NOV25-2.9-C-USDT,2.448,0.0361134,0.0,0.0,0.17627776,0.63261044,0.0012456,-0.00376172,0.8511,2025-10-24 08:49:18.250762
XRP-7NOV25-2.9-P-USDT,2.448,0.4881134,0.0,0.0,-0.82372225,0.63261044,0.0012456,-0.00376172,0.8511,2025-10-24 08:49:18.589048
XRP-7NOV25-2.5-C-USDT,2.448,0.12693435,680.0,680.0,0.4760995,1.05858399,0.00191542,-0.00531582,0.7822,2025-10-24 08:49:18.920230
XRP-7NOV25-1.8-P-USDT,2.4478,0.00927625,0.0,0.0,-0.04472855,0.20086509,0.00045366,-0.0015718,0.9765,2025-10-24 08:49:19.253023
XRP-7NOV25-1.6-C-USDT,2.4478,0.85167556,0.0,0.0,0.98126611,0.08681985,0.00022028,-0.00085737,1.0969,2025-10-24 08:49:19.884905
XRP-7NOV25-2.7-P-USDT,2.4494,0.31765712,0.0,0.0,-0.70372494,0.89028122,0.00166381,-0.00476383,0.8069,2025-10-24 08:49:20.212769
XRP-7NOV25-3.2-C-USDT,2.4494,0.01607573,580.0,580.0,0.08446916,0.34695849,0.00074538,-0.00245328,0.9276,2025-10-24 08:49:20.548068
XRP-7NOV25-2.6-C-USDT,2.4494,0.09245602,100.0,100.0,0.37974142,0.99987415,0.00183205,-0.00514284,0.7911,2025-10-24 08:49:20.878299
XRP-7NOV25-2.5-P-USDT,2.4494,0.17815745,0.0,0.0,-0.52244356,1.0585179,0.00191692,-0.00531842,0.7819,2025-10-24 08:49:21.207850
XRP-7NOV25-2.2-P-USDT,2.4494,0.05509464,0.0,0.0,-0.22549856,0.76958907,0.00144517,-0.00415773,0.8108,2025-10-24 08:49:21.540679
XRP-7NOV25-3.6-P-USDT,2.4494,1.15715386,0.0,0.0,-0.96425786,0.15864403,0.00037833,-0.00138224,1.0297,2025-10-24 08:49:21.871663
XRP-7NOV25-2.2-C-USDT,2.4493,0.30559163,0.0,0.0,0.77265604,0.76551613,0.00145178,-0.00421851,0.8189,2025-10-24 08:49:22.200758
XRP-7NOV25-3.6-C-USDT,2.4493,0.00616791,0.0,0.0,0.03416439,0.15442332,0.00036455,-0.00131858,1.0194,2025-10-24 08:49:22.532982
XRP-7NOV25-2.1-P-USDT,2.4493,0.03638439,0.0,0.0,-0.15726089,0.58880326,0.00115774,-0.00348786,0.8491,2025-10-24 08:49:22.860356
XRP-7NOV25-2.3-C-USDT,2.4492,0.23620439,0.0,0.0,0.68289129,0.91770694,0.00171434,-0.00490723,0.8067,2025-10-24 08:49:23.496011
XRP-7NOV25-1.4-C-USDT,2.4492,1.05060859,0.0,0.0,0.99313276,0.03279902,9.221e-05,-0.00039718,1.214,2025-10-24 08:49:23.831389
XRP-7NOV25-2-P-USDT,2.4491,0.02408967,280.0,280.0,-0.10769776,0.42960274,0.00089118,-0.00283297,0.8959,2025-10-24 08:49:24.207629
XRP-7NOV25-2.4-P-USDT,2.4491,0.13069183,0.0,0.0,-0.41810056,1.00039975,0.00187912,-0.00540903,0.8112,2025-10-24 08:49:24.534990
XRP-7NOV25-2.7-C-USDT,2.4491,0.0678923,0.0,0.0,0.29765067,0.88618427,0.00166714,-0.0048062,0.8125,2025-10-24 08:49:24.865280
XRP-7NOV25-1.8-C-USDT,2.4491,0.65820783,0.0,0.0,0.95588758,0.19902709,0.00044886,-0.00155126,0.974,2025-10-24 08:49:25.199466
XRP-7NOV25-2.6-P-USDT,2.4491,0.24614087,0.0,0.0,-0.61709503,0.98286865,0.00183642,-0.00525814,0.807,2025-10-24 08:49:25.554860
XRP-7NOV25-3.2-P-USDT,2.4491,0.76365585,0.0,0.0,-0.92770321,0.32476408,0.00066232,-0.00206989,0.8808,2025-10-24 08:49:25.886795
XRP-7NOV25-3-P-USDT,2.449,0.57539836,0.0,0.0,-0.87161843,0.51372592,0.00100912,-0.00303788,0.8484,2025-10-24 08:49:26.217582
XRP-7NOV25-1.6-P-USDT,2.449,0.00332875,0.0,0.0,-0.01672958,0.08062865,0.00020011,-0.00076109,1.0719,2025-10-24 08:49:26.546010
XRP-7NOV25-2-C-USDT,2.4486,0.47273624,0.0,0.0,0.89210533,0.4302957,0.00089217,-0.00283587,0.8958,2025-10-24 08:49:27.182014
XRP-7NOV25-3-C-USDT,2.4486,0.02435869,0.0,0.0,0.1282133,0.51327226,0.00100803,-0.00303503,0.8485,2025-10-24 08:49:27.509408
XRP-7NOV25-1.4-P-USDT,2.4486,0.00119261,0.0,0.0,-0.0060302,0.02986353,8.217e-05,-0.00034659,1.1888,2025-10-24 08:49:27.850783
XRP-7NOV25-3.4-P-USDT,2.4484,0.9585343,0.0,0.0,-0.95863702,0.20102486,0.00042598,-0.00138408,0.9157,2025-10-24 08:49:28.215048
XRP-7NOV25-2.3-P-USDT,2.4484,0.08998635,0.0,0.0,-0.32000584,0.90373856,0.00172035,-0.0050214,0.8226,2025-10-24 08:49:28.567490
XRP-7NOV25-2.4-C-USDT,2.4484,0.17938929,0.0,0.0,0.5811984,1.0010257,0.00187928,-0.00540966,0.8113,2025-10-24 08:49:28.899189
XRP-7NOV25-3.4-C-USDT,2.4483,0.0069316,0.0,0.0,0.04134913,0.20097109,0.00042585,-0.0013837,0.9157,2025-10-24 08:49:29.255274
XRP-7NOV25-2.1-C-USDT,2.4483,0.38671665,0.0,0.0,0.83838815,0.58854771,0.00117812,-0.00361634,0.8651,2025-10-24 08:49:29.585314
XRP-24OCT25-2.575-C-USDT,2.4417,6.18e-06,11220.0,10470.0,0.00058339,0.00465924,7.9e-07,-4.087e-05,1.0363,2025-10-24 08:49:29.913104
XRP-24OCT25-2.35-P-USDT,2.4417,4.312e-05,7340.0,2450.0,-0.00393641,0.03001329,4.5e-06,-0.00020593,0.9166,2025-10-24 08:49:30.254342
XRP-24OCT25-2.525-P-USDT,2.4417,0.08343077,70.0,0.0,-0.98918708,0.07273429,1.098e-05,-0.00050713,0.924,2025-10-24 08:49:30.885775
XRP-24OCT25-2.4-P-USDT,2.4419,0.0013772,6070.0,7470.0,-0.09229379,0.4706473,6.366e-05,-0.00263546,0.8281,2025-10-24 08:49:31.218350
XRP-24OCT25-2.1-P-USDT,2.4419,1e-08,3100.0,90.0,0.0,1e-08,1e-08,0.0,1.5865,2025-10-24 08:49:31.557695
XRP-24OCT25-2.575-P-USDT,2.4419,0.13310625,30.0,30.0,-0.99941046,0.00470604,8e-07,-4.124e-05,1.0358,2025-10-24 08:49:31.887010
XRP-24OCT25-2.45-P-USDT,2.4419,0.01692884,140.0,50.0,-0.59983145,1.12264933,0.00014867,-0.00602504,0.8106,2025-10-24 08:49:32.221560
XRP-24OCT25-2.3-P-USDT,2.4419,1.18e-06,22660.0,22180.0,-0.00012135,0.00107725,1.9e-07,-9.48e-06,1.0378,2025-10-24 08:49:32.556651
XRP-24OCT25-3-P-USDT,2.4419,0.55810001,0.0,0.0,-1.0,0.0,1e-08,-1e-08,1.9368,2025-10-24 08:49:32.891676
XRP-24OCT25-3-C-USDT,2.4421,1e-08,550.0,550.0,1e-08,0.0,1e-08,-1e-08,1.9368,2025-10-24 08:49:33.221346
XRP-24OCT25-2.15-C-USDT,2.4421,0.29210001,0.0,0.0,0.99999999,1e-07,0.0,-1e-08,1.4468,2025-10-24 08:49:33.900520
XRP-24OCT25-2-C-USDT,2.4421,0.44210001,0.0,0.0,1.0,0.0,1e-08,-1e-08,1.8705,2025-10-24 08:49:34.232462
XRP-24OCT25-2.3-C-USDT,2.4421,0.14210116,50.0,380.0,0.99988047,0.00106147,1.8e-07,-9.35e-06,1.0383,2025-10-24 08:49:34.862938
XRP-24OCT25-2.5-C-USDT,2.4421,0.0006179,48600.0,6970.0,0.04496631,0.25530138,3.645e-05,-0.0015919,0.8737,2025-10-24 08:49:35.190032
XRP-24OCT25-2.5-P-USDT,2.4419,0.05871018,0.0,0.0,-0.95553229,0.25290966,3.612e-05,-0.00157815,0.8741,2025-10-24 08:49:35.523131
XRP-24OCT25-2.8-P-USDT,2.4419,0.35810001,20.0,0.0,-0.99999999,9e-08,1e-08,-1e-08,1.5433,2025-10-24 08:49:35.856347
XRP-24OCT25-2.35-C-USDT,2.4419,0.09194236,540.0,600.0,0.99612764,0.02954873,4.43e-06,-0.00020296,0.917,2025-10-24 08:49:36.186692
XRP-24OCT25-2.4-C-USDT,2.4419,0.04325819,3910.0,4180.0,0.90876762,0.46629424,6.31e-05,-0.00261286,0.8283,2025-10-24 08:49:36.516476
XRP-24OCT25-2.375-P-USDT,2.4419,0.00025367,1770.0,630.0,-0.02056379,0.13469993,1.907e-05,-0.00082605,0.8665,2025-10-24 08:49:36.849678
XRP-24OCT25-2.475-C-USDT,2.4419,0.0025684,10910.0,10260.0,0.15435297,0.67055178,9.14e-05,-0.0038129,0.8344,2025-10-24 08:49:37.180086
XRP-24OCT25-2-P-USDT,2.442,1e-08,1170.0,1050.0,-1e-08,0.0,1e-08,-1e-08,1.8702,2025-10-24 08:49:37.513107
XRP-24OCT25-2.375-C-USDT,2.442,0.06725183,210.0,100.0,0.97957179,0.13390753,1.896e-05,-0.00082157,0.8667,2025-10-24 08:49:37.843529
XRP-24OCT25-2.525-C-USDT,2.442,0.00013276,13900.0,200.0,0.01097223,0.07367399,1.112e-05,-0.00051305,0.9233,2025-10-24 08:49:38.476685
XRP-24OCT25-2.7-C-USDT,2.442,1e-08,3040.0,1210.0,7.9e-07,6.97e-06,1e-08,-1e-07,1.3252,2025-10-24 08:49:38.828443
XRP-24OCT25-2.625-P-USDT,2.442,0.18300036,0.0,0.0,-0.99996436,0.0003057,6e-08,-3.32e-06,1.1526,2025-10-24 08:49:39.160449
XRP-24OCT25-2.65-P-USDT,2.4425,0.2075001,0.0,0.0,-0.99999029,8.481e-05,2e-08,-1.02e-06,1.2096,2025-10-24 08:49:39.525528
XRP-24OCT25-2.9-C-USDT,2.4425,1e-08,10.0,0.0,0.0,1e-08,1e-08,-1e-08,1.7451,2025-10-24 08:49:39.860208
XRP-24OCT25-2.8-C-USDT,2.4428,1e-08,200.0,0.0,1e-08,9e-08,1e-08,-1e-08,1.5418,2025-10-24 08:49:40.193536
XRP-24OCT25-2.475-P-USDT,2.4428,0.03489623,0.0,0.0,-0.8393303,0.68909598,9.385e-05,-0.00390914,0.8331,2025-10-24 08:49:40.554659
XRP-24OCT25-2.45-C-USDT,2.4428,0.00917829,3060.0,4940.0,0.4112366,1.13007288,0.00014965,-0.00606059,0.81,2025-10-24 08:49:40.886321
XRP-24OCT25-2.425-P-USDT,2.443,0.00600528,50.0,50.0,-0.29036209,0.94677423,0.00013176,-0.00560724,0.8512,2025-10-24 08:49:41.215438
XRP-24OCT25-2.7-P-USDT,2.443,0.25700001,0.0,0.0,-0.99999918,7.3e-06,1e-08,-1.1e-07,1.3226,2025-10-24 08:49:41.545369
XRP-24OCT25-2.1-C-USDT,2.443,0.34300001,10.0,0.0,1.0,1e-08,1e-08,0.0,1.5891,2025-10-24 08:49:42.176357
XRP-24OCT25-2.2-P-USDT,2.4431,1e-08,4140.0,200.0,-1.8e-07,1.69e-06,0.0,-3e-08,1.3101,2025-10-24 08:49:42.515106
XRP-24OCT25-2.25-C-USDT,2.4431,0.19310004,100.0,0.0,0.99999604,3.716e-05,1e-08,-4.2e-07,1.1731,2025-10-24 08:49:42.843030
XRP-24OCT25-2.15-P-USDT,2.4431,1e-08,4200.0,0.0,-1e-08,1e-07,1e-08,-1e-08,1.4491,2025-10-24 08:49:43.194054
XRP-24OCT25-2.625-C-USDT,2.4431,3.8e-07,1550.0,1050.0,3.775e-05,0.00032323,6e-08,-3.5e-06,1.1498,2025-10-24 08:49:43.534338
XRP-24OCT25-2.25-P-USDT,2.4431,4e-08,56000.0,500.0,-3.96e-06,3.711e-05,1e-08,-4.2e-07,1.1731,2025-10-24 08:49:43.871566
XRP-24OCT25-2.65-C-USDT,2.4431,1e-07,0.0,0.0,1e-05,8.717e-05,2e-08,-1.04e-06,1.208,2025-10-24 08:49:44.197677
XRP-24OCT25-2.2-C-USDT,2.4431,0.24310001,60.0,10.0,0.99999983,1.68e-06,0.0,-3e-08,1.3101,2025-10-24 08:49:44.529480
XRP-24OCT25-2.425-C-USDT,2.4431,0.02401579,2520.0,2710.0,0.7128157,0.94152509,0.00013106,-0.00557752,0.8512,2025-10-24 08:49:44.859328
XRP-24OCT25-2.9-P-USDT,2.4431,0.45690001,0.0,0.0,-1.0,1e-08,1e-08,0.0,1.7436,2025-10-24 08:49:45.239779
XRP-31OCT25-2.2-P-USDT,2.4465,0.03371565,16000.0,16000.0,-0.18547595,0.85486735,0.00091165,-0.00589626,0.9172,2025-10-24 08:49:45.870871
XRP-31OCT25-1.8-C-USDT,2.4465,0.65144556,0.0,0.0,0.97091142,0.1598557,0.00022615,-0.00194035,1.2168,2025-10-24 08:49:46.195944
XRP-31OCT25-2.6-P-USDT,2.4465,0.20755467,0.0,0.0,-0.68288549,1.27513908,0.00121476,-0.00701857,0.8194,2025-10-24 08:49:46.524007
XRP-31OCT25-2.3-C-USDT,2.4465,0.20212053,0.0,0.0,0.71623157,1.14667007,0.00115526,-0.00705898,0.8665,2025-10-24 08:49:46.871066
XRP-31OCT25-2.8-C-USDT,2.4465,0.02080258,3510.0,3510.0,0.14474103,0.77187769,0.00077625,-0.00473454,0.865,2025-10-24 08:49:47.204131
XRP-31OCT25-2.7-C-USDT,2.4465,0.03324543,3510.0,3510.0,0.2157524,1.02562797,0.00099835,-0.00589386,0.8372,2025-10-24 08:49:47.538181
XRP-31OCT25-3-P-USDT,2.4465,0.56239052,0.0,0.0,-0.9331878,0.40627841,0.00044166,-0.00291194,0.935,2025-10-24 08:49:47.870834
XRP-31OCT25-2.1-P-USDT,2.4465,0.02047243,510.0,510.0,-0.11776004,0.59063395,0.00067309,-0.00465218,0.9802,2025-10-24 08:49:48.222036
XRP-31OCT25-2.9-P-USDT,2.4465,0.46688853,0.0,0.0,-0.90240587,0.56273466,0.00058786,-0.00372445,0.8985,2025-10-24 08:49:48.553668
XRP-31OCT25-2.35-C-USDT,2.4465,0.16761536,0.0,0.0,0.65539623,1.27519906,0.00125578,-0.00750028,0.847,2025-10-24 08:49:48.885022
XRP-31OCT25-2.4-C-USDT,2.4465,0.13680967,2120.0,2120.0,0.58841687,1.37166625,0.00132679,-0.00778362,0.832,2025-10-24 08:49:49.545683
XRP-31OCT25-2.2-C-USDT,2.4465,0.28021538,0.0,0.0,0.81452473,0.85486822,0.00091164,-0.00589627,0.9172,2025-10-24 08:49:49.876800
XRP-31OCT25-2.8-P-USDT,2.4465,0.37430236,0.0,0.0,-0.85525985,0.77187706,0.00077625,-0.00473454,0.865,2025-10-24 08:49:50.565776
XRP-31OCT25-2-P-USDT,2.4465,0.01256843,0.0,0.0,-0.07389779,0.39009516,0.00047726,-0.00354132,1.0523,2025-10-24 08:49:50.953764
XRP-31OCT25-2.35-P-USDT,2.4466,0.07108336,0.0,0.0,-0.34447867,1.27494418,0.00125566,-0.00749978,0.847,2025-10-24 08:49:51.287300
XRP-31OCT25-2.55-C-USDT,2.4466,0.06896117,4600.0,4600.0,0.3793178,1.36818672,0.00129766,-0.00746398,0.8157,2025-10-24 08:49:51.615657
XRP-31OCT25-3.1-P-USDT,2.4466,0.65948834,0.0,0.0,-0.95334593,0.29418508,0.00033274,-0.00228231,0.9727,2025-10-24 08:49:51.947257
XRP-31OCT25-2.7-P-USDT,2.4474,0.28600648,0.0,0.0,-0.78342934,1.02791218,0.0010009,-0.00590665,0.8369,2025-10-24 08:49:52.279745
XRP-31OCT25-1.9-C-USDT,2.4474,0.55520144,0.0,0.0,0.9538716,0.25042415,0.00032983,-0.0026328,1.132,2025-10-24 08:49:52.607105
XRP-31OCT25-2.9-C-USDT,2.4474,0.01344883,1300.0,1300.0,0.09797301,0.56442329,0.00058974,-0.00373448,0.898,2025-10-24 08:49:52.937756
XRP-31OCT25-3.1-C-USDT,2.4474,0.0061103,0.0,0.0,0.04680541,0.29499441,0.00033371,-0.00228791,0.9723,2025-10-24 08:49:53.566940
XRP-31OCT25-2.4-P-USDT,2.4474,0.08995519,1710.0,1710.0,-0.4103553,1.36999703,0.00132633,-0.00778209,0.8321,2025-10-24 08:49:53.894840
XRP-31OCT25-1.8-P-USDT,2.4474,0.00493018,0.0,0.0,-0.02898968,0.15928294,0.00022559,-0.00193636,1.2173,2025-10-24 08:49:54.226447
XRP-31OCT25-3-C-USDT,2.4474,0.00892842,0.0,0.0,0.06706422,0.40753364,0.00044311,-0.00291996,0.9345,2025-10-24 08:49:54.557572
XRP-31OCT25-2.3-P-USDT,2.4474,0.05539516,0.0,0.0,-0.28278292,1.14399905,0.00115375,-0.00705198,0.8668,2025-10-24 08:49:54.892420
XRP-31OCT25-2.45-P-USDT,2.447,0.11331417,0.0,0.0,-0.48143042,1.42202156,0.00135913,-0.00787546,0.8217,2025-10-24 08:49:55.246232
XRP-31OCT25-2.55-P-USDT,2.447,0.17210498,0.0,0.0,-0.62014696,1.36865665,0.00129843,-0.00746791,0.8157,2025-10-24 08:49:55.579092
XRP-31OCT25-2.1-C-USDT,2.447,0.36742909,0.0,0.0,0.88248636,0.5895,0.00067223,-0.00464738,0.9804,2025-10-24 08:49:55.910420
XRP-31OCT25-2-C-USDT,2.447,0.45954344,0.0,0.0,0.92625385,0.38931121,0.00047661,-0.00353736,1.0525,2025-10-24 08:49:56.244820
XRP-31OCT25-2.45-C-USDT,2.447,0.11031408,100.0,100.0,0.51856956,1.42202273,0.00135913,-0.00787546,0.8217,2025-10-24 08:49:56.571928
XRP-31OCT25-2.6-C-USDT,2.4471,0.05422732,0.0,0.0,0.31784234,1.27629156,0.00121623,-0.00702597,0.8192,2025-10-24 08:49:57.201477
XRP-31OCT25-1.9-P-USDT,2.4471,0.00780989,0.0,0.0,-0.04618225,0.25072586,0.0003301,-0.00263458,1.1318,2025-10-24 08:49:57.556903
XRP-14NOV25-2.4-P-USDT,2.45173334,0.17460054,4500.0,4500.0,-0.41818997,0.77168424,0.00230153,-0.00468537,0.8587,2025-10-24 08:49:57.884977
XRP-14NOV25-3.4-C-USDT,2.45173695,0.01980725,0.0,0.0,0.08638167,0.28964187,0.00092821,-0.00203039,0.9227,2025-10-24 08:49:58.216707
XRP-14NOV25-2-P-USDT,2.45173695,0.04399032,100000.0,100040.0,-0.14630535,0.43381304,0.00135137,-0.00287338,0.8969,2025-10-24 08:49:58.549718
XRP-14NOV25-3-C-USDT,2.45173695,0.0515948,100040.0,100040.0,0.19741923,0.53691076,0.00163707,-0.00340707,0.8779,2025-10-24 08:49:58.882447
XRP-14NOV25-1.8-C-USDT,2.45165001,0.67103217,0.0,0.0,0.92888432,0.24282328,0.00080095,-0.00180343,0.9498,2025-10-24 08:49:59.212557
XRP-14NOV25-2.5-P-USDT,2.45165001,0.22628624,0.0,0.0,-0.49748026,0.79745408,0.00235102,-0.00473135,0.8489,2025-10-24 08:49:59.544406
XRP-14NOV25-1.4-P-USDT,2.45165001,0.00308136,0.0,0.0,-0.01247934,0.04961542,0.00019043,-0.00049889,1.1051,2025-10-24 08:49:59.872707
XRP-14NOV25-2.5-C-USDT,2.45166604,0.1779362,340.0,340.0,0.50251973,0.7974543,0.00235101,-0.00473135,0.8489,2025-10-24 08:50:00.203366
XRP-14NOV25-2.4-C-USDT,2.45166604,0.22618476,140.0,140.0,0.58174574,0.77212991,0.00230153,-0.00468299,0.8583,2025-10-24 08:50:00.839309
XRP-14NOV25-2.2-P-USDT,2.45166604,0.09240056,0.0,0.0,-0.26621539,0.64320007,0.00193478,-0.00397279,0.8662,2025-10-24 08:50:01.166407
XRP-14NOV25-2.3-P-USDT,2.45137764,0.12829936,1000.0,1000.0,-0.3399634,0.72605199,0.00215901,-0.00438349,0.8565,2025-10-24 08:50:01.512926
XRP-14NOV25-1.6-C-USDT,2.45137764,0.85931593,0.0,0.0,0.96892084,0.1167478,0.00041286,-0.00099683,1.0185,2025-10-24 08:50:01.841123
XRP-14NOV25-3.2-P-USDT,2.45137764,0.78032517,0.0,0.0,-0.86943336,0.40010252,0.00125031,-0.0026677,0.9,2025-10-24 08:50:02.171455
XRP-14NOV25-2.2-C-USDT,2.45121028,0.34312869,0.0,0.0,0.73399149,0.64537047,0.00193367,-0.00395632,0.8631,2025-10-24 08:50:02.510828
XRP-14NOV25-2.7-C-USDT,2.45121028,0.11333392,0.0,0.0,0.36119649,0.72752806,0.00220688,-0.00457137,0.8738,2025-10-24 08:50:02.867234
XRP-14NOV25-3.2-C-USDT,2.45107424,0.03395705,0.0,0.0,0.13613915,0.40371028,0.00128662,-0.00280036,0.9181,2025-10-24 08:50:03.196476
XRP-14NOV25-1.8-P-USDT,2.45107424,0.01924245,4000.0,4000.0,-0.07085474,0.24277271,0.0007985,-0.00179365,0.9475,2025-10-24 08:50:03.526459
XRP-14NOV25-2.8-C-USDT,2.45107424,0.09060225,0.0,0.0,0.30281565,0.66692768,0.00205719,-0.00433365,0.8886,2025-10-24 08:50:03.853428
XRP-14NOV25-3.4-P-USDT,2.45108208,0.97145605,0.0,0.0,-0.9059077,0.2992775,0.00098881,-0.00223119,0.9518,2025-10-24 08:50:04.483072
XRP-14NOV25-2.7-P-USDT,2.45108208,0.36260453,0.0,0.0,-0.63845921,0.72630067,0.00220749,-0.00458208,0.8756,2025-10-24 08:50:04.817104
XRP-14NOV25-3.6-C-USDT,2.45108208,0.01479335,0.0,0.0,0.06436603,0.21856469,0.00074139,-0.0017175,0.9772,2025-10-24 08:50:05.153168
XRP-14NOV25-3-P-USDT,2.45115471,0.6073423,0.0,0.0,-0.78906943,0.53311157,0.00170251,-0.00371293,0.9199,2025-10-24 08:50:05.486128
XRP-14NOV25-2.8-P-USDT,2.45115471,0.44004715,0.0,0.0,-0.69633104,0.66565208,0.00205984,-0.00435289,0.8914,2025-10-24 08:50:05.817968
XRP-14NOV25-1.6-P-USDT,2.45115471,0.00773133,0.0,0.0,-0.03052458,0.11562335,0.00040671,-0.00097696,1.0133,2025-10-24 08:50:06.171359
XRP-14NOV25-1.4-C-USDT,2.45113584,1.05432402,0.0,0.0,0.98719202,0.05051681,0.00019472,-0.00051254,1.1103,2025-10-24 08:50:06.528354
XRP-14NOV25-2.3-C-USDT,2.45113584,0.27884772,0.0,0.0,0.66013621,0.72868157,0.00215856,-0.00436671,0.8534,2025-10-24 08:50:06.861731
XRP-14NOV25-2-C-USDT,2.45113584,0.49474704,0.0,0.0,0.85417568,0.43463697,0.00134805,-0.00285529,0.8935,2025-10-24 08:50:07.189905
XRP-14NOV25-3.6-P-USDT,2.45146155,1.16369541,0.0,0.0,-0.93452271,0.22042969,0.00075142,-0.00174883,0.9817,2025-10-24 08:50:07.523924
