timestamp,open,high,low,close,volume
2025-05-06 20:00:00,144.76,147.18,143.44,146.83,1580102.0
2025-05-07 00:00:00,146.83,149.53,145.37,146.2,1896878.7
2025-05-07 04:00:00,146.2,147.26,145.32,147.19,952645.4
2025-05-07 08:00:00,147.19,148.3,146.83,147.55,772091.2
2025-05-07 12:00:00,147.55,147.71,145.35,145.67,1387021.4
2025-05-07 16:00:00,145.67,147.3,144.59,145.68,2225428.1
2025-05-07 20:00:00,145.68,148.28,145.39,147.29,921172.8
2025-05-08 00:00:00,147.29,151.13,147.01,150.78,1564355.3
2025-05-08 04:00:00,150.78,151.96,149.95,151.52,1425660.4
2025-05-08 08:00:00,151.52,155.29,151.46,154.53,1782756.8
2025-05-08 12:00:00,154.53,163.04,154.13,160.13,4157849.6
2025-05-08 16:00:00,160.13,161.06,158.51,160.5,1972705.8
2025-05-08 20:00:00,160.5,164.59,159.72,164.42,2611950.9
2025-05-09 00:00:00,164.42,164.43,161.27,161.31,1610558.9
2025-05-09 04:00:00,161.31,166.88,160.88,165.05,2131728.8
2025-05-09 08:00:00,165.05,176.13,164.23,172.25,7168051.3
2025-05-09 12:00:00,172.25,173.41,167.34,170.76,3800532.4
2025-05-09 16:00:00,170.76,172.62,168.52,171.88,2183129.6
2025-05-09 20:00:00,171.88,173.83,171.01,172.76,1030697.2
2025-05-10 00:00:00,172.76,175.24,170.65,171.55,1471203.3
2025-05-10 04:00:00,171.55,172.54,169.66,172.29,1139381.1
2025-05-10 08:00:00,172.29,173.46,168.69,168.94,1892728.3
2025-05-10 12:00:00,168.94,171.99,168.94,171.06,1075468.3
2025-05-10 16:00:00,171.06,173.81,170.83,172.18,1757394.1
2025-05-10 20:00:00,172.18,178.93,171.32,177.92,3298102.7
2025-05-11 00:00:00,177.92,180.43,172.92,175.84,3920736.7
2025-05-11 04:00:00,175.84,177.69,172.21,172.58,1722998.8
2025-05-11 08:00:00,172.58,174.97,172.52,174.73,822393.0
2025-05-11 12:00:00,174.73,175.22,169.24,170.44,1839081.7
2025-05-11 16:00:00,170.44,173.41,169.32,172.68,1504326.6
2025-05-11 20:00:00,172.68,173.84,171.2,173.16,941577.6
2025-05-12 00:00:00,173.16,176.91,171.71,174.85,2247450.5
2025-05-12 04:00:00,174.85,179.77,173.58,176.03,3950046.8
2025-05-12 08:00:00,176.03,177.0,173.55,173.99,1992193.0
2025-05-12 12:00:00,173.99,181.44,173.88,174.36,6063340.7
2025-05-12 16:00:00,174.36,176.62,168.23,171.12,3450994.1
2025-05-12 20:00:00,171.12,174.76,170.34,174.16,1006877.3
2025-05-13 00:00:00,174.16,174.33,166.85,166.93,2338170.0
2025-05-13 04:00:00,166.93,172.37,166.08,171.46,1477132.3
2025-05-13 08:00:00,171.46,175.17,170.92,173.98,1486841.4
2025-05-13 12:00:00,173.98,176.28,172.08,176.01,2507754.9
2025-05-13 16:00:00,176.01,184.47,175.66,182.06,3690303.2
2025-05-13 20:00:00,182.06,184.87,180.29,183.75,2236580.4
2025-05-14 00:00:00,183.75,184.93,178.91,180.24,2972643.8
2025-05-14 04:00:00,180.24,183.93,179.78,181.65,1424164.6
2025-05-14 08:00:00,181.65,182.6,177.5,180.97,2160778.7
2025-05-14 12:00:00,180.97,181.79,175.45,177.25,2676877.3
2025-05-14 16:00:00,177.25,177.62,173.01,176.99,1750547.4
2025-05-14 20:00:00,176.99,177.7,175.07,176.55,879242.2
2025-05-15 00:00:00,176.55,178.27,173.96,173.99,1265431.7
2025-05-15 04:00:00,173.99,175.22,169.7,170.31,1558821.2
2025-05-15 08:00:00,170.31,172.98,168.59,170.98,1789074.6
2025-05-15 12:00:00,170.98,172.76,166.87,172.16,3050133.5
2025-05-15 16:00:00,172.16,174.43,167.64,169.67,2573395.5
2025-05-15 20:00:00,169.67,170.68,166.51,169.05,2239535.5
2025-05-16 00:00:00,169.05,173.63,168.59,172.53,1841252.4
2025-05-16 04:00:00,172.53,173.49,171.03,172.06,836394.9
2025-05-16 08:00:00,172.06,174.14,169.11,172.73,1384395.7
2025-05-16 12:00:00,172.73,174.07,170.76,172.01,1705727.7
2025-05-16 16:00:00,172.01,172.67,169.65,171.33,1130852.1
2025-05-16 20:00:00,171.33,171.33,166.23,167.34,1664203.2
2025-05-17 00:00:00,167.34,168.52,163.87,168.16,2271331.6
2025-05-17 04:00:00,168.16,169.92,167.2,168.5,1347995.3
2025-05-17 08:00:00,168.5,169.36,166.62,167.52,1040076.8
2025-05-17 12:00:00,167.52,168.15,165.7,167.19,877341.6
2025-05-17 16:00:00,167.19,167.43,164.24,165.17,1576343.5
2025-05-17 20:00:00,165.17,167.9,164.26,165.88,1321558.6
2025-05-18 00:00:00,165.88,167.89,165.81,166.83,823272.6
2025-05-18 04:00:00,166.83,170.67,166.81,170.59,832190.1
2025-05-18 08:00:00,170.59,171.94,170.53,170.72,915269.9
2025-05-18 12:00:00,170.72,176.63,170.14,176.24,1819601.3
2025-05-18 16:00:00,176.24,176.77,166.36,166.51,3493429.6
2025-05-18 20:00:00,166.51,174.25,164.42,173.25,3105915.5
2025-05-19 00:00:00,173.25,173.84,164.86,165.23,2586107.0
2025-05-19 04:00:00,165.23,166.71,159.31,161.8,2846218.8
2025-05-19 08:00:00,161.8,162.6,160.36,162.1,1387065.5
2025-05-19 12:00:00,162.1,164.64,160.06,164.09,2330834.2
2025-05-19 16:00:00,164.09,167.28,162.67,166.52,2648302.8
2025-05-19 20:00:00,166.52,167.77,165.05,166.76,1223403.0
2025-05-20 00:00:00,166.76,173.09,166.68,169.12,3161716.0
2025-05-20 04:00:00,169.12,170.63,167.04,167.33,1349197.5
2025-05-20 08:00:00,167.33,168.11,165.18,166.39,1222618.1
2025-05-20 12:00:00,166.39,167.3,164.36,166.53,1819556.1
2025-05-20 16:00:00,166.53,169.07,164.44,168.1,2272240.6
2025-05-20 20:00:00,168.1,169.33,166.2,168.53,1897434.3
2025-05-21 00:00:00,168.53,170.88,166.69,169.92,1442127.1
2025-05-21 04:00:00,169.92,171.74,168.26,168.76,2103235.6
2025-05-21 08:00:00,168.76,169.66,167.33,169.35,1204393.4
2025-05-21 12:00:00,169.35,173.63,168.33,172.12,3097332.2
2025-05-21 16:00:00,172.12,174.92,165.42,171.11,5873212.6
2025-05-21 20:00:00,171.11,175.96,169.03,173.5,3115468.1
2025-05-22 00:00:00,173.5,177.47,172.51,176.77,2671593.9
2025-05-22 04:00:00,176.77,178.74,175.2,178.44,2183008.3
2025-05-22 08:00:00,178.44,180.86,177.22,178.05,2298016.9
2025-05-22 12:00:00,178.05,179.89,176.94,178.97,2164015.3
2025-05-22 16:00:00,178.97,180.35,177.48,177.82,1675708.8
2025-05-22 20:00:00,177.82,180.03,177.21,179.62,971700.5
2025-05-23 00:00:00,179.62,185.38,179.22,184.98,2645687.8
2025-05-23 04:00:00,184.98,185.35,180.04,182.46,1984876.8
2025-05-23 08:00:00,182.46,187.67,177.03,177.83,4027628.1
2025-05-23 12:00:00,177.83,183.71,173.19,180.64,6022600.3
2025-05-23 16:00:00,180.64,182.24,178.35,179.12,2769384.9
2025-05-23 20:00:00,179.12,179.24,173.29,173.99,2733687.2
2025-05-24 00:00:00,173.99,175.95,172.56,175.03,1644086.0
2025-05-24 04:00:00,175.03,176.33,173.4,173.88,1193385.1
2025-05-24 08:00:00,173.88,178.33,173.16,176.86,1421851.4
2025-05-24 12:00:00,176.86,177.08,174.98,176.22,1168421.7
2025-05-24 16:00:00,176.22,177.58,175.18,177.02,914558.6
2025-05-24 20:00:00,177.02,177.82,175.25,175.81,791063.6
2025-05-25 00:00:00,175.81,176.82,170.21,173.59,2510642.0
2025-05-25 04:00:00,173.59,174.38,171.8,172.31,891047.2
2025-05-25 08:00:00,172.31,172.34,170.08,171.89,1099136.8
2025-05-25 12:00:00,171.89,172.6,169.06,170.24,1610284.0
2025-05-25 16:00:00,170.24,172.75,169.12,172.46,780115.9
2025-05-25 20:00:00,172.46,175.86,170.83,175.69,1474532.0
2025-05-26 00:00:00,175.69,177.79,175.11,176.98,1323471.9
2025-05-26 04:00:00,176.98,178.95,176.55,178.1,1106616.5
2025-05-26 08:00:00,178.1,178.32,176.29,177.81,1006180.5
2025-05-26 12:00:00,177.81,178.73,175.84,177.38,1409125.3
2025-05-26 16:00:00,177.38,177.98,173.34,173.96,1604627.7
2025-05-26 20:00:00,173.96,175.99,173.5,174.81,1103073.9
2025-05-27 00:00:00,174.81,175.71,171.12,173.43,1954201.0
2025-05-27 04:00:00,173.43,175.89,172.41,175.39,1325162.9
2025-05-27 08:00:00,175.39,177.17,174.9,176.73,1320417.4
2025-05-27 12:00:00,176.73,179.37,174.95,178.34,3157787.7
2025-05-27 16:00:00,178.34,179.22,177.25,177.41,1688941.3
2025-05-27 20:00:00,177.41,178.57,175.43,176.64,1331655.5
2025-05-28 00:00:00,176.64,177.36,174.1,175.02,1488864.2
2025-05-28 04:00:00,175.02,175.24,173.56,173.79,879989.1
2025-05-28 08:00:00,173.79,174.42,172.71,174.41,1103640.6
2025-05-28 12:00:00,174.41,175.04,168.84,169.63,3185653.4
2025-05-28 16:00:00,169.63,171.97,169.02,169.32,1337676.8
2025-05-28 20:00:00,169.32,172.57,169.13,172.16,1063957.8
2025-05-29 00:00:00,172.16,175.25,171.22,173.59,1941791.6
2025-05-29 04:00:00,173.59,173.86,169.93,172.1,1557171.9
2025-05-29 08:00:00,172.1,173.39,171.46,172.79,1248351.7
2025-05-29 12:00:00,172.79,172.87,169.0,169.67,2359212.0
2025-05-29 16:00:00,169.67,170.24,166.0,166.78,2350839.5
2025-05-29 20:00:00,166.78,168.49,165.85,166.63,849571.4
2025-05-30 00:00:00,166.63,167.43,159.81,165.08,3427327.1
2025-05-30 04:00:00,165.08,165.81,162.46,162.63,1497427.4
2025-05-30 08:00:00,162.63,164.15,161.39,163.74,1685371.5
2025-05-30 12:00:00,163.74,163.88,159.98,161.15,2051599.7
2025-05-30 16:00:00,161.15,161.71,155.68,160.73,3404060.2
2025-05-30 20:00:00,160.73,160.97,155.09,156.09,2128939.7
2025-05-31 00:00:00,156.09,157.18,152.04,154.05,3183234.0
2025-05-31 04:00:00,154.05,155.77,152.92,154.8,905164.7
2025-05-31 08:00:00,154.8,155.22,152.52,152.84,960265.0
2025-05-31 12:00:00,152.84,156.74,152.56,155.57,1493698.8
2025-05-31 16:00:00,155.57,157.9,155.11,157.43,1129330.5
2025-05-31 20:00:00,157.43,157.99,156.14,156.34,1103601.9
2025-06-01 00:00:00,156.34,156.64,153.27,154.6,1021714.3
2025-06-01 04:00:00,154.6,155.85,154.01,154.35,642548.5
2025-06-01 08:00:00,154.35,154.54,150.46,151.93,1985670.6
2025-06-01 12:00:00,151.93,154.52,150.5,154.09,1473236.7
2025-06-01 16:00:00,154.09,156.67,153.25,155.81,1946651.8
2025-06-01 20:00:00,155.81,157.87,155.09,157.61,850447.2
2025-06-02 00:00:00,157.61,158.85,155.28,155.37,1350332.3
2025-06-02 04:00:00,155.37,156.64,154.55,155.45,858936.6
2025-06-02 08:00:00,155.45,156.52,152.87,153.37,1640311.4
2025-06-02 12:00:00,153.37,154.43,151.47,153.08,2848429.1
2025-06-02 16:00:00,153.08,155.05,151.65,152.85,1341875.3
2025-06-02 20:00:00,152.85,157.17,152.82,156.75,1310826.7
2025-06-03 00:00:00,156.75,162.3,156.29,159.31,3093015.6
2025-06-03 04:00:00,159.31,160.1,158.09,159.75,916554.7
2025-06-03 08:00:00,159.75,161.64,158.21,160.52,1582237.3
2025-06-03 12:00:00,160.52,163.57,159.39,162.13,2429734.9
2025-06-03 16:00:00,162.13,162.35,159.88,160.48,1507165.9
2025-06-03 20:00:00,160.48,160.52,154.0,155.1,3073954.4
2025-06-04 00:00:00,155.1,157.54,154.06,156.5,1563541.5
2025-06-04 04:00:00,156.5,156.94,155.58,156.33,893634.3
2025-06-04 08:00:00,156.33,157.82,155.55,155.81,987411.3
2025-06-04 12:00:00,155.81,157.96,154.46,157.03,2830368.9
2025-06-04 16:00:00,157.03,157.51,155.17,155.28,1153665.1
2025-06-04 20:00:00,155.28,155.54,152.85,153.21,1653630.5
2025-06-05 00:00:00,153.21,154.57,152.92,153.73,986183.1
2025-06-05 04:00:00,153.73,154.08,151.87,152.37,1363216.2
2025-06-05 08:00:00,152.37,152.99,151.2,152.3,902075.8
2025-06-05 12:00:00,152.3,154.35,148.37,150.8,4417164.2
2025-06-05 16:00:00,150.8,151.0,143.97,146.11,4760701.0
2025-06-05 20:00:00,146.11,146.54,141.46,144.2,4763866.2
2025-06-06 00:00:00,144.2,146.82,144.03,146.76,1085954.5
2025-06-06 04:00:00,146.76,148.2,146.54,147.29,1293974.4
2025-06-06 08:00:00,147.29,149.58,147.14,149.03,1373245.6
2025-06-06 12:00:00,149.03,152.4,149.03,151.0,2773870.1
2025-06-06 16:00:00,151.0,151.51,148.33,149.01,1386392.9
2025-06-06 20:00:00,149.01,149.92,147.58,147.74,625095.9
2025-06-07 00:00:00,147.74,149.67,146.84,149.41,978985.4
2025-06-07 04:00:00,149.41,152.76,148.92,152.31,1288660.7
2025-06-07 08:00:00,152.31,152.63,151.15,151.33,1003083.8
2025-06-07 12:00:00,151.33,152.34,150.59,150.9,844835.1
2025-06-07 16:00:00,150.9,151.53,150.06,150.46,895991.2
2025-06-07 20:00:00,150.46,151.42,149.64,149.95,855239.8
2025-06-08 00:00:00,149.95,150.24,149.04,149.76,563903.5
2025-06-08 04:00:00,149.76,150.42,149.03,149.22,520910.7
2025-06-08 08:00:00,149.22,149.63,147.8,149.53,1077799.5
2025-06-08 12:00:00,149.53,151.11,148.89,150.63,1117530.9
2025-06-08 16:00:00,150.63,154.49,150.52,154.39,1656768.1
2025-06-08 20:00:00,154.39,155.26,152.08,152.4,1225438.2
2025-06-09 00:00:00,152.4,153.08,150.69,151.49,1059825.7
2025-06-09 04:00:00,151.49,151.79,149.49,150.77,982403.6
2025-06-09 08:00:00,150.77,156.55,150.31,155.52,2758650.5
2025-06-09 12:00:00,155.52,155.79,152.95,154.92,2279640.4
2025-06-09 16:00:00,154.92,156.88,154.89,155.64,1402923.3
2025-06-09 20:00:00,155.64,161.66,155.62,161.05,2135484.5
2025-06-10 00:00:00,161.05,161.78,158.65,159.11,1156597.2
2025-06-10 04:00:00,159.11,159.55,157.3,158.39,908147.3
2025-06-10 08:00:00,158.39,161.45,157.03,160.77,2066449.0
2025-06-10 12:00:00,160.77,161.93,156.13,157.95,3449319.1
2025-06-10 16:00:00,157.95,165.52,156.98,163.5,4942008.8
2025-06-10 20:00:00,163.5,165.63,162.7,165.06,2345856.7
2025-06-11 00:00:00,165.06,167.4,163.35,166.6,2003858.3
2025-06-11 04:00:00,166.6,167.1,164.21,166.57,1632256.8
2025-06-11 08:00:00,166.57,167.14,163.91,164.44,1614111.5
2025-06-11 12:00:00,164.44,168.36,163.63,167.19,3962251.3
2025-06-11 16:00:00,167.19,167.43,162.26,162.52,2770677.2
2025-06-11 20:00:00,162.52,163.79,159.07,160.88,2465448.7
2025-06-12 00:00:00,160.88,161.24,159.11,159.77,1257941.0
2025-06-12 04:00:00,159.77,160.51,158.16,158.7,1183310.2
2025-06-12 08:00:00,158.7,159.91,157.4,157.7,1733009.8
2025-06-12 12:00:00,157.7,160.61,156.38,156.96,2613829.5
2025-06-12 16:00:00,156.96,160.45,154.38,154.79,2347721.9
2025-06-12 20:00:00,154.79,155.33,151.93,152.23,2144671.8
2025-06-13 00:00:00,152.23,152.53,140.72,144.65,7469026.5
2025-06-13 04:00:00,144.65,145.41,142.53,144.96,1914259.9
2025-06-13 08:00:00,144.96,146.62,143.54,145.37,2015177.7
2025-06-13 12:00:00,145.37,147.73,143.84,147.09,2504019.6
2025-06-13 16:00:00,147.09,148.47,144.21,145.07,2061617.0
2025-06-13 20:00:00,145.07,148.88,144.65,148.53,1435703.7
2025-06-14 00:00:00,148.53,148.66,146.34,146.64,759399.3
2025-06-14 04:00:00,146.64,147.09,145.45,146.08,691892.6
2025-06-14 08:00:00,146.08,146.14,144.87,145.77,614844.3
2025-06-14 12:00:00,145.77,145.9,143.74,144.47,868699.8
2025-06-14 16:00:00,144.47,145.04,142.84,143.41,1403381.2
2025-06-14 20:00:00,143.41,144.93,141.84,144.56,1207421.1
2025-06-15 00:00:00,144.56,145.98,144.5,145.66,558379.0
2025-06-15 04:00:00,145.66,148.0,145.6,145.81,1219427.8
2025-06-15 08:00:00,145.81,146.63,144.11,146.26,1360087.6
2025-06-15 12:00:00,146.26,152.94,146.06,150.77,3634616.0
2025-06-15 16:00:00,150.77,153.6,150.11,152.16,1842321.4
2025-06-15 20:00:00,152.16,152.94,148.07,152.9,2071588.5
2025-06-16 00:00:00,152.9,157.35,150.94,155.51,2474733.8
2025-06-16 04:00:00,155.51,157.9,155.43,157.21,1558738.4
2025-06-16 08:00:00,157.21,157.47,154.74,156.39,1555973.0
2025-06-16 12:00:00,156.39,157.75,154.58,156.48,2562872.5
2025-06-16 16:00:00,156.48,158.73,156.24,157.72,1487188.0
2025-06-16 20:00:00,157.72,157.78,150.18,150.64,3245111.8
2025-06-17 00:00:00,150.64,153.91,147.41,153.28,3016640.1
2025-06-17 04:00:00,153.28,154.26,152.31,152.61,1408930.5
2025-06-17 08:00:00,152.61,152.81,150.09,150.48,1313130.0
2025-06-17 12:00:00,150.48,151.35,146.45,147.53,2705744.3
2025-06-17 16:00:00,147.53,150.35,145.51,148.84,3008701.3
2025-06-17 20:00:00,148.84,149.22,146.2,147.5,1598916.4
2025-06-18 00:00:00,147.5,149.04,146.46,148.27,1046837.2
2025-06-18 04:00:00,148.27,149.22,146.78,147.92,862935.5
2025-06-18 08:00:00,147.92,148.46,145.24,146.42,1462847.9
2025-06-18 12:00:00,146.42,146.72,143.68,145.67,2527783.0
2025-06-18 16:00:00,145.67,146.5,143.51,144.65,2320621.4
2025-06-18 20:00:00,144.65,147.85,144.0,146.27,1334966.4
2025-06-19 00:00:00,146.27,147.82,144.87,146.53,1135323.2
2025-06-19 04:00:00,146.53,147.11,144.89,144.98,889191.1
2025-06-19 08:00:00,144.98,146.45,144.74,145.0,770501.7
2025-06-19 12:00:00,145.0,145.42,142.84,143.07,1820458.0
2025-06-19 16:00:00,143.07,146.0,143.02,145.43,1563157.3
2025-06-19 20:00:00,145.43,147.39,144.97,146.96,1056242.2
2025-06-20 00:00:00,146.96,147.53,145.35,145.4,717212.8
2025-06-20 04:00:00,145.4,147.72,144.2,147.41,1204125.6
2025-06-20 08:00:00,147.41,148.74,146.86,148.09,1643130.5
2025-06-20 12:00:00,148.09,148.3,142.24,142.77,2850085.0
2025-06-20 16:00:00,142.77,142.91,135.54,139.7,5045249.4
2025-06-20 20:00:00,139.7,141.65,138.59,140.0,1492935.9
2025-06-21 00:00:00,140.0,141.28,139.43,140.69,979683.0
2025-06-21 04:00:00,140.69,140.91,139.77,140.56,471938.8
2025-06-21 08:00:00,140.56,142.53,140.19,141.97,1064297.0
2025-06-21 12:00:00,141.97,142.38,139.06,140.22,1576535.1
2025-06-21 16:00:00,140.22,140.97,137.15,137.25,2101197.4
2025-06-21 20:00:00,137.25,138.84,130.71,135.32,4884552.1
2025-06-22 00:00:00,135.32,137.53,133.14,135.03,3228656.8
2025-06-22 04:00:00,135.03,136.46,134.54,134.76,1116871.4
2025-06-22 08:00:00,134.76,135.31,131.84,133.17,2002632.9
2025-06-22 12:00:00,133.17,133.8,126.45,128.51,7209084.2
2025-06-22 16:00:00,128.51,131.41,128.21,129.02,2350889.6
2025-06-22 20:00:00,129.02,132.5,125.88,131.64,3684299.7
2025-06-23 00:00:00,131.64,133.45,131.43,132.6,1286102.1
2025-06-23 04:00:00,132.6,134.95,132.26,134.31,1574911.8
2025-06-23 08:00:00,134.31,134.81,133.18,134.02,1103984.9
2025-06-23 12:00:00,134.02,137.38,132.84,133.34,4292852.5
2025-06-23 16:00:00,133.34,140.19,130.58,139.72,6562238.5
2025-06-23 20:00:00,139.72,146.88,139.15,144.42,4860876.7
2025-06-24 00:00:00,144.42,144.68,142.21,143.15,1562828.9
2025-06-24 04:00:00,143.15,146.75,142.77,143.95,1881240.6
2025-06-24 08:00:00,143.95,145.72,142.93,144.49,1894281.7
2025-06-24 12:00:00,144.49,145.63,143.34,144.24,1887905.2
2025-06-24 16:00:00,144.24,146.6,142.73,143.53,2176841.8
2025-06-24 20:00:00,143.53,145.85,143.1,145.83,790007.1
2025-06-25 00:00:00,145.83,146.92,144.93,145.45,1282077.9
2025-06-25 04:00:00,145.45,147.46,144.83,146.97,985043.3
2025-06-25 08:00:00,146.97,147.09,144.94,146.18,1668864.4
2025-06-25 12:00:00,146.18,147.92,143.03,143.6,3162024.2
2025-06-25 16:00:00,143.6,144.65,142.68,144.63,1629128.0
2025-06-25 20:00:00,144.63,145.57,142.12,143.48,1183875.4
2025-06-26 00:00:00,143.48,148.05,143.31,145.85,1758224.5
2025-06-26 04:00:00,145.85,146.01,143.91,145.1,1010771.6
2025-06-26 08:00:00,145.1,145.73,143.04,143.54,1151760.9
2025-06-26 12:00:00,143.54,143.88,141.3,142.92,2288046.5
2025-06-26 16:00:00,142.92,143.18,140.76,142.21,1166576.5
2025-06-26 20:00:00,142.21,143.95,138.52,138.98,1911820.4
2025-06-27 00:00:00,138.98,141.53,137.09,141.28,1388670.1
2025-06-27 04:00:00,141.28,142.15,140.11,140.28,1121329.4
2025-06-27 08:00:00,140.28,142.73,140.27,142.09,1133744.4
2025-06-27 12:00:00,142.09,143.83,141.06,143.43,2468817.4
2025-06-27 16:00:00,143.43,144.83,140.01,141.69,2509813.9
2025-06-27 20:00:00,141.69,143.3,141.54,142.03,745037.6
2025-06-28 00:00:00,142.03,143.5,141.06,143.34,843172.2
2025-06-28 04:00:00,143.34,146.77,143.0,146.52,1243821.9
2025-06-28 08:00:00,146.52,147.5,145.58,147.06,1790169.4
2025-06-28 12:00:00,147.06,148.64,145.82,148.08,1525431.6
2025-06-28 16:00:00,148.08,152.62,147.99,150.6,3172202.9
2025-06-28 20:00:00,150.6,151.3,149.95,150.64,911932.1
2025-06-29 00:00:00,150.64,151.0,149.34,149.43,1098255.3
2025-06-29 04:00:00,149.43,150.35,149.28,150.26,719317.0
2025-06-29 08:00:00,150.26,152.29,149.87,151.6,1208845.1
2025-06-29 12:00:00,151.6,152.5,150.59,150.69,1437914.0
2025-06-29 16:00:00,150.69,152.2,149.65,151.13,1249814.4
2025-06-29 20:00:00,151.13,154.71,150.24,153.21,2036914.4
2025-06-30 00:00:00,153.21,154.0,151.1,151.69,1418622.2
2025-06-30 04:00:00,151.69,151.94,149.58,150.54,1367802.8
2025-06-30 08:00:00,150.54,150.97,149.34,150.28,1215735.0
2025-06-30 12:00:00,150.28,159.95,149.66,157.79,7611741.0
2025-06-30 16:00:00,157.79,158.38,155.25,157.73,2886169.2
2025-06-30 20:00:00,157.73,157.78,154.38,154.74,1611711.8
2025-07-01 00:00:00,154.74,155.52,153.04,153.84,1229594.7
2025-07-01 04:00:00,153.84,153.84,148.76,149.97,2209931.4
2025-07-01 08:00:00,149.97,149.97,148.05,148.78,1396239.0
2025-07-01 12:00:00,148.78,149.21,146.14,147.14,2815535.7
2025-07-01 16:00:00,147.14,148.38,145.2,145.36,1778691.5
2025-07-01 20:00:00,145.36,146.95,144.7,146.78,1029828.9
2025-07-02 00:00:00,146.78,149.18,145.69,148.79,1194244.0
2025-07-02 04:00:00,148.79,149.86,148.23,149.01,974933.5
2025-07-02 08:00:00,149.01,149.91,148.29,148.54,1096323.3
2025-07-02 12:00:00,148.54,151.49,147.01,151.21,2738145.3
2025-07-02 16:00:00,151.21,153.54,150.22,152.9,2919071.3
2025-07-02 20:00:00,152.9,154.42,151.89,152.24,1316810.1
2025-07-03 00:00:00,152.24,153.96,151.67,153.34,970619.7
2025-07-03 04:00:00,153.34,155.89,153.12,155.51,1486842.7
2025-07-03 08:00:00,155.51,156.33,154.03,154.46,1461256.5
2025-07-03 12:00:00,154.46,155.2,149.69,150.09,3497630.9
2025-07-03 16:00:00,150.09,151.96,149.8,151.73,1142727.4
2025-07-03 20:00:00,151.73,153.18,151.72,152.29,718840.3
2025-07-04 00:00:00,152.29,153.11,150.76,151.63,878696.0
2025-07-04 04:00:00,151.63,153.81,150.17,150.41,1360604.3
2025-07-04 08:00:00,150.41,150.9,148.92,150.14,1177099.4
2025-07-04 12:00:00,150.14,151.19,146.18,146.48,2210585.4
2025-07-04 16:00:00,146.48,146.92,145.1,146.62,1695334.3
2025-07-04 20:00:00,146.62,148.24,146.28,147.59,894085.9
2025-07-05 00:00:00,147.59,148.36,147.08,147.68,475032.3
2025-07-05 04:00:00,147.68,148.47,146.63,147.79,752421.8
2025-07-05 08:00:00,147.79,148.47,146.67,148.09,689778.7
2025-07-05 12:00:00,148.09,148.65,146.95,147.02,641284.9
2025-07-05 16:00:00,147.02,147.17,145.76,146.8,924080.3
2025-07-05 20:00:00,146.8,147.94,146.35,147.51,408448.5
2025-07-06 00:00:00,147.51,147.61,146.73,147.29,336570.8
2025-07-06 04:00:00,147.29,148.43,146.97,147.82,669405.8
2025-07-06 08:00:00,147.82,148.02,146.64,147.91,657748.2
2025-07-06 12:00:00,147.91,152.06,147.78,151.48,2453012.1
2025-07-06 16:00:00,151.48,153.19,150.57,151.21,1486046.7
2025-07-06 20:00:00,151.21,154.0,151.16,151.77,1291441.2
2025-07-07 00:00:00,151.77,152.87,150.13,151.81,992497.8
2025-07-07 04:00:00,151.81,152.4,150.81,152.31,743730.7
2025-07-07 08:00:00,152.31,153.57,151.55,152.72,940878.7
2025-07-07 12:00:00,152.72,153.37,150.89,150.98,1950761.4
2025-07-07 16:00:00,150.98,151.5,148.52,148.86,2582588.1
2025-07-07 20:00:00,148.86,148.87,147.55,148.79,1534654.2
2025-07-08 00:00:00,148.79,150.01,147.7,148.56,1279746.5
2025-07-08 04:00:00,148.56,149.69,148.11,149.59,555811.1
2025-07-08 08:00:00,149.59,151.59,149.46,151.22,1039227.4
2025-07-08 12:00:00,151.22,152.87,149.66,149.78,1924755.3
2025-07-08 16:00:00,149.78,152.8,149.31,151.57,1870228.6
2025-07-08 20:00:00,151.57,151.88,149.71,151.59,1080740.7
2025-07-09 00:00:00,151.59,152.3,150.98,151.22,836325.7
2025-07-09 04:00:00,151.22,153.85,150.43,152.96,1614941.0
2025-07-09 08:00:00,152.96,154.4,152.23,153.63,1065389.9
2025-07-09 12:00:00,153.63,155.5,152.74,153.89,2644962.0
2025-07-09 16:00:00,153.89,157.8,153.13,157.22,2646230.8
2025-07-09 20:00:00,157.22,157.9,155.38,156.98,1982236.9
2025-07-10 00:00:00,156.98,159.31,155.88,157.31,1261681.3
2025-07-10 04:00:00,157.31,158.6,156.61,157.84,1026053.2
2025-07-10 08:00:00,157.84,159.11,157.13,157.58,1048046.3
2025-07-10 12:00:00,157.58,158.35,155.57,156.41,1630399.1
2025-07-10 16:00:00,156.41,161.18,156.12,159.26,3003321.8
2025-07-10 20:00:00,159.26,165.41,159.16,164.27,3712014.0
2025-07-11 00:00:00,164.27,165.34,161.86,165.16,1543634.9
2025-07-11 04:00:00,165.16,166.74,163.03,163.18,2219353.0
2025-07-11 08:00:00,163.18,165.3,163.18,163.79,1374410.1
2025-07-11 12:00:00,163.79,168.21,161.66,162.28,4288599.1
2025-07-11 16:00:00,162.28,164.97,161.16,164.53,2296969.0
2025-07-11 20:00:00,164.53,164.76,159.41,162.82,2011296.4
2025-07-12 00:00:00,162.82,163.86,161.69,163.38,901872.3
2025-07-12 04:00:00,163.38,163.85,161.94,163.12,680113.6
2025-07-12 08:00:00,163.12,163.35,161.24,161.51,856337.1
2025-07-12 12:00:00,161.51,161.7,157.64,158.08,3092770.2
2025-07-12 16:00:00,158.08,160.74,157.84,160.65,967376.0
2025-07-12 20:00:00,160.65,160.9,158.85,160.65,739859.8
2025-07-13 00:00:00,160.65,161.75,160.11,161.15,790312.1
2025-07-13 04:00:00,161.15,162.7,161.0,162.56,639310.9
2025-07-13 08:00:00,162.56,162.68,161.49,161.98,688584.0
2025-07-13 12:00:00,161.98,164.13,161.71,161.95,1719364.6
2025-07-13 16:00:00,161.95,163.52,160.44,162.44,1306095.1
2025-07-13 20:00:00,162.44,163.0,159.48,161.03,1342073.7
2025-07-14 00:00:00,161.03,168.18,160.51,167.04,2220996.9
2025-07-14 04:00:00,167.04,168.65,165.28,167.16,2750726.0
2025-07-14 08:00:00,167.16,168.1,165.9,166.5,1828193.9
2025-07-14 12:00:00,166.5,168.61,162.95,163.9,3197634.9
2025-07-14 16:00:00,163.9,165.27,162.32,164.17,1847562.6
2025-07-14 20:00:00,164.17,164.18,161.53,162.13,1029581.7
2025-07-15 00:00:00,162.13,162.84,158.07,159.06,2543414.4
2025-07-15 04:00:00,159.06,160.82,158.16,159.46,1618053.9
2025-07-15 08:00:00,159.46,160.12,158.3,159.81,1091612.1
2025-07-15 12:00:00,159.81,162.13,157.14,160.41,3729644.4
2025-07-15 16:00:00,160.41,163.64,159.81,160.11,2946390.1
2025-07-15 20:00:00,160.11,164.25,159.54,163.95,1381403.6
2025-07-16 00:00:00,163.95,165.26,161.46,162.46,1625641.9
2025-07-16 04:00:00,162.46,164.6,161.7,164.0,1091031.9
2025-07-16 08:00:00,164.0,167.6,163.77,166.65,2296522.7
2025-07-16 12:00:00,166.65,168.84,165.33,168.42,3610609.6
2025-07-16 16:00:00,168.42,174.7,168.37,174.13,5043726.9
2025-07-16 20:00:00,174.13,176.14,172.36,173.63,2497598.2
2025-07-17 00:00:00,173.63,174.88,168.68,169.51,2438987.2
2025-07-17 04:00:00,169.51,174.16,169.22,173.98,2225289.1
2025-07-17 08:00:00,173.98,178.22,172.59,176.19,2848019.9
2025-07-17 12:00:00,176.19,177.59,172.71,174.15,3309196.6
2025-07-17 16:00:00,174.15,175.5,171.17,173.07,2526090.9
2025-07-17 20:00:00,173.07,178.0,171.28,175.88,3647229.2
2025-07-18 00:00:00,175.88,181.28,175.27,180.91,2959868.8
2025-07-18 04:00:00,180.91,184.85,179.91,181.16,3621558.7
2025-07-18 08:00:00,181.16,182.18,177.15,178.54,2742061.7
2025-07-18 12:00:00,178.54,182.08,174.96,177.01,4236913.8
2025-07-18 16:00:00,177.01,179.14,176.09,176.92,2050431.4
2025-07-18 20:00:00,176.92,177.59,173.13,177.25,2340120.5
2025-07-19 00:00:00,177.25,177.67,173.92,177.44,1192089.6
2025-07-19 04:00:00,177.44,177.77,176.11,176.99,1017508.7
2025-07-19 08:00:00,176.99,177.83,175.35,176.57,1053656.2
2025-07-19 12:00:00,176.57,177.89,174.74,177.37,1573852.7
2025-07-19 16:00:00,177.37,178.14,176.12,177.05,1206723.4
2025-07-19 20:00:00,177.05,178.64,175.04,176.98,1566529.5
2025-07-20 00:00:00,176.98,179.79,176.32,177.93,2853539.5
2025-07-20 04:00:00,177.93,178.66,176.9,177.92,915276.4
2025-07-20 08:00:00,177.92,181.53,177.92,180.43,1676225.0
2025-07-20 12:00:00,180.43,183.21,179.92,181.94,2339939.7
2025-07-20 16:00:00,181.94,183.74,180.22,182.02,2586194.4
2025-07-20 20:00:00,182.02,182.44,177.7,181.46,2607168.3
2025-07-21 00:00:00,181.46,187.18,178.26,186.8,3276399.2
2025-07-21 04:00:00,186.8,191.25,185.12,190.22,2957837.6
2025-07-21 08:00:00,190.22,193.23,189.81,191.62,3218882.1
2025-07-21 12:00:00,191.62,199.47,190.34,196.93,6453445.0
2025-07-21 16:00:00,196.93,197.48,193.06,194.76,4521848.6
2025-07-21 20:00:00,194.76,197.93,193.66,195.83,2026883.8
2025-07-22 00:00:00,195.83,204.8,193.8,200.19,7090724.7
2025-07-22 04:00:00,200.19,201.33,194.22,198.16,5006202.0
2025-07-22 08:00:00,198.16,200.3,194.12,200.0,3551556.5
2025-07-22 12:00:00,200.0,205.16,196.94,201.97,6860711.3
2025-07-22 16:00:00,201.97,204.46,198.45,198.97,3972423.5
2025-07-22 20:00:00,198.97,206.57,198.46,205.93,2382276.1
2025-07-23 00:00:00,205.93,205.98,201.12,201.57,2428731.3
2025-07-23 04:00:00,201.57,202.4,199.0,199.58,1730436.7
2025-07-23 08:00:00,199.58,200.17,195.86,197.53,2940752.0
2025-07-23 12:00:00,197.53,197.71,187.7,192.75,7984966.8
2025-07-23 16:00:00,192.75,192.78,186.03,188.1,3783150.5
2025-07-23 20:00:00,188.1,190.1,184.01,189.43,3654922.1
2025-07-24 00:00:00,189.43,191.94,188.5,189.9,1416692.8
2025-07-24 04:00:00,189.9,190.18,179.2,184.18,5251749.0
2025-07-24 08:00:00,184.18,186.93,182.88,186.38,2517295.5
2025-07-24 12:00:00,186.38,191.87,183.34,188.54,4241622.8
2025-07-24 16:00:00,188.54,190.1,184.81,188.02,2622854.0
2025-07-24 20:00:00,188.02,189.13,181.89,182.88,1980486.2
2025-07-25 00:00:00,182.88,183.46,175.57,177.68,3643058.1
2025-07-25 04:00:00,177.68,179.81,175.87,177.5,2687125.3
2025-07-25 08:00:00,177.5,182.2,176.86,181.14,2788064.7
2025-07-25 12:00:00,181.14,181.91,176.21,178.18,3014993.6
2025-07-25 16:00:00,178.18,182.86,177.4,182.13,2154782.6
2025-07-25 20:00:00,182.13,186.85,182.05,186.73,1500102.7
2025-07-26 00:00:00,186.73,186.94,184.52,186.03,1118373.9
2025-07-26 04:00:00,186.03,187.2,185.66,186.49,533837.4
2025-07-26 08:00:00,186.49,189.84,186.49,187.83,1399812.8
2025-07-26 12:00:00,187.83,188.61,186.1,187.62,1063480.5
2025-07-26 16:00:00,187.62,187.91,185.11,186.48,835311.8
2025-07-26 20:00:00,186.48,186.84,184.23,184.88,958801.5
2025-07-27 00:00:00,184.88,187.61,184.54,187.18,717652.8
2025-07-27 04:00:00,187.18,188.37,186.54,187.25,665512.4
2025-07-27 08:00:00,187.25,188.65,186.22,187.04,966018.2
2025-07-27 12:00:00,187.04,187.37,184.74,186.44,1251504.9
2025-07-27 16:00:00,186.44,189.79,185.91,186.97,2057138.3
2025-07-27 20:00:00,186.97,190.79,186.42,188.64,1725724.0
2025-07-28 00:00:00,188.64,193.88,187.6,193.39,2217611.4
2025-07-28 04:00:00,193.39,195.34,191.58,192.33,1766688.6
2025-07-28 08:00:00,192.33,193.34,190.62,192.02,1036792.4
2025-07-28 12:00:00,192.02,193.55,186.47,187.13,3288399.4
2025-07-28 16:00:00,187.13,187.97,183.38,185.22,2507630.0
2025-07-28 20:00:00,185.22,185.49,182.05,183.01,1710651.4
2025-07-29 00:00:00,183.01,184.65,180.52,184.25,1926071.8
2025-07-29 04:00:00,184.25,186.5,183.13,185.95,1106168.3
2025-07-29 08:00:00,185.95,186.43,182.11,182.81,1150049.1
2025-07-29 12:00:00,182.81,184.91,179.13,180.72,2862457.2
2025-07-29 16:00:00,180.72,182.31,178.18,181.01,2088801.3
2025-07-29 20:00:00,181.01,181.91,179.16,181.38,1242019.5
2025-07-30 00:00:00,181.38,182.3,178.7,181.59,992371.2
2025-07-30 04:00:00,181.59,182.48,179.19,180.72,1130358.0
2025-07-30 08:00:00,180.72,181.46,176.3,177.19,2078804.7
2025-07-30 12:00:00,177.19,180.51,176.55,179.12,2181969.8
2025-07-30 16:00:00,179.12,180.12,170.02,176.03,4287554.0
2025-07-30 20:00:00,176.03,178.07,174.64,177.7,1754930.4
2025-07-31 00:00:00,177.7,180.48,177.53,180.24,1018026.9
2025-07-31 04:00:00,180.24,181.63,179.75,181.16,853648.3
2025-07-31 08:00:00,181.16,182.62,180.17,180.7,1084075.0
2025-07-31 12:00:00,180.7,180.87,175.15,177.27,2889421.5
2025-07-31 16:00:00,177.27,179.69,174.55,175.26,2860498.1
2025-07-31 20:00:00,175.26,175.67,171.32,172.14,2519261.2
2025-08-01 00:00:00,172.14,172.2,167.32,171.05,3294856.1
2025-08-01 04:00:00,171.05,171.05,167.85,169.33,1921208.3
2025-08-01 08:00:00,169.33,169.33,165.91,169.13,2293172.3
2025-08-01 12:00:00,169.13,170.28,164.38,168.5,3368004.6
2025-08-01 16:00:00,168.5,169.7,165.0,166.4,2186275.7
2025-08-01 20:00:00,166.4,166.75,159.06,162.62,3506453.1
2025-08-02 00:00:00,162.62,164.94,162.47,164.3,905011.6
2025-08-02 04:00:00,164.3,165.19,161.63,164.36,1078215.9
2025-08-02 08:00:00,164.36,165.04,162.12,164.41,920145.3
2025-08-02 12:00:00,164.41,164.91,160.9,161.42,1131982.0
2025-08-02 16:00:00,161.42,162.11,155.7,157.36,3333139.4
2025-08-02 20:00:00,157.36,159.71,156.96,158.41,1187819.3
2025-08-03 00:00:00,158.41,161.0,156.19,160.74,1187600.1
2025-08-03 04:00:00,160.74,161.59,159.92,161.27,563572.3
2025-08-03 08:00:00,161.27,162.81,160.59,161.36,873516.3
2025-08-03 12:00:00,161.36,162.23,160.19,161.99,1348618.4
2025-08-03 16:00:00,161.99,162.66,161.01,161.54,793244.4
2025-08-03 20:00:00,161.54,163.09,160.61,161.87,914781.3
2025-08-04 00:00:00,161.87,164.88,161.29,162.86,1134789.6
2025-08-04 04:00:00,162.86,163.34,161.14,162.93,861450.5
2025-08-04 08:00:00,162.93,163.99,161.52,162.28,1072854.7
2025-08-04 12:00:00,162.28,166.83,162.04,165.38,2572690.2
2025-08-04 16:00:00,165.38,169.74,164.86,165.51,2714266.9
2025-08-04 20:00:00,165.51,169.78,165.18,169.51,1985521.6
2025-08-05 00:00:00,169.51,169.93,167.51,167.84,1068546.8
2025-08-05 04:00:00,167.84,169.19,165.66,166.12,1292701.6
2025-08-05 08:00:00,166.12,171.72,165.52,170.83,1935792.2
2025-08-05 12:00:00,170.83,171.0,162.78,163.67,4238231.0
2025-08-05 16:00:00,163.67,164.86,162.14,162.64,1490586.7
2025-08-05 20:00:00,162.64,164.5,161.15,163.98,1144642.0
2025-08-06 00:00:00,163.98,164.07,161.02,161.77,923318.4
2025-08-06 04:00:00,161.77,164.73,161.14,164.16,1103086.0
2025-08-06 08:00:00,164.16,164.56,162.64,164.1,978839.6
2025-08-06 12:00:00,164.1,169.48,162.5,168.98,3283965.6
2025-08-06 16:00:00,168.98,169.88,167.09,168.73,1894587.9
2025-08-06 20:00:00,168.73,168.77,167.17,168.01,770745.1
2025-08-07 00:00:00,168.01,168.91,166.59,166.8,786514.3
2025-08-07 04:00:00,166.8,170.31,166.67,169.93,864285.4
2025-08-07 08:00:00,169.93,173.45,168.98,172.76,2605248.3
2025-08-07 12:00:00,172.76,173.14,169.58,170.38,2211127.9
2025-08-07 16:00:00,170.38,171.78,166.92,171.64,1836032.7
2025-08-07 20:00:00,171.64,175.46,171.38,175.27,2202959.2
2025-08-08 00:00:00,175.27,175.86,173.35,174.62,1863762.9
2025-08-08 04:00:00,174.62,177.82,173.75,177.07,1140953.3
2025-08-08 08:00:00,177.07,177.89,174.8,177.58,1451917.4
2025-08-08 12:00:00,177.58,179.05,174.09,175.11,3082443.6
2025-08-08 16:00:00,175.11,179.62,175.1,178.4,2481559.4
2025-08-08 20:00:00,178.4,178.71,176.53,176.71,1104493.1
2025-08-09 00:00:00,176.71,179.02,176.51,177.21,683889.7
2025-08-09 04:00:00,177.21,182.13,176.85,180.57,1837233.6
2025-08-09 08:00:00,180.57,183.33,180.35,180.75,1543421.7
2025-08-09 12:00:00,180.75,182.44,178.71,179.97,1823305.0
2025-08-09 16:00:00,179.97,182.69,179.37,182.11,1048001.4
2025-08-09 20:00:00,182.11,183.48,179.64,179.88,1424279.7
2025-08-10 00:00:00,179.88,185.99,179.75,184.96,2431551.3
2025-08-10 04:00:00,184.96,186.17,177.73,178.84,2565392.3
2025-08-10 08:00:00,178.84,180.97,177.41,179.88,1793582.7
2025-08-10 12:00:00,179.88,182.35,178.42,181.48,1367712.3
2025-08-10 16:00:00,181.48,183.35,181.15,182.77,803356.8
2025-08-10 20:00:00,182.77,184.0,181.21,182.63,2008635.5
2025-08-11 00:00:00,182.63,185.83,181.2,185.14,2085166.0
2025-08-11 04:00:00,185.14,186.95,182.76,182.94,1746573.0
2025-08-11 08:00:00,182.94,184.63,178.21,178.99,2586522.9
2025-08-11 12:00:00,178.99,180.45,177.15,180.1,3424714.4
2025-08-11 16:00:00,180.1,181.7,175.42,176.53,3535539.7
2025-08-11 20:00:00,176.53,176.8,173.34,174.75,1674461.4
2025-08-12 00:00:00,174.75,176.72,174.46,175.47,1006504.9
2025-08-12 04:00:00,175.47,176.57,173.5,175.83,1204348.2
2025-08-12 08:00:00,175.83,176.42,173.57,175.16,1318955.1
2025-08-12 12:00:00,175.16,182.0,174.63,181.62,4446066.6
2025-08-12 16:00:00,181.62,191.19,180.69,190.65,5274201.0
2025-08-12 20:00:00,190.65,193.82,189.57,191.81,4346827.1
2025-08-13 00:00:00,191.81,199.61,191.53,197.76,4841120.6
2025-08-13 04:00:00,197.76,200.19,195.21,198.78,3436803.6
2025-08-13 08:00:00,198.78,202.91,197.63,201.13,3544359.6
2025-08-13 12:00:00,201.13,205.06,194.4,197.52,8621786.6
2025-08-13 16:00:00,197.52,202.27,197.13,202.16,4746611.1
2025-08-13 20:00:00,202.16,203.42,199.91,201.56,2232152.9
2025-08-14 00:00:00,201.56,209.33,200.59,208.09,3995059.3
2025-08-14 04:00:00,208.09,210.08,204.08,205.79,4470881.4
2025-08-14 08:00:00,205.79,205.97,201.78,203.69,3507233.2
2025-08-14 12:00:00,203.69,205.56,186.69,194.82,15009557.5
2025-08-14 16:00:00,194.82,195.53,190.45,192.9,4380058.1
2025-08-14 20:00:00,192.9,193.23,187.07,192.44,2872503.5
2025-08-15 00:00:00,192.44,195.57,191.89,195.13,1706003.3
2025-08-15 04:00:00,195.13,198.07,194.38,196.95,2130573.3
2025-08-15 08:00:00,196.95,197.61,193.56,194.24,1764775.2
2025-08-15 12:00:00,194.24,196.16,184.25,185.43,5433834.8
2025-08-15 16:00:00,185.43,186.81,183.1,183.81,3614845.4
2025-08-15 20:00:00,183.81,188.18,183.28,185.6,1880655.6
2025-08-16 00:00:00,185.6,188.29,185.19,186.98,1132362.8
2025-08-16 04:00:00,186.98,189.54,185.95,189.02,1187687.3
2025-08-16 08:00:00,189.02,189.14,185.19,185.64,1605032.6
2025-08-16 12:00:00,185.64,189.4,185.07,188.75,1646430.8
2025-08-16 16:00:00,188.75,189.33,187.0,188.64,776845.4
2025-08-16 20:00:00,188.64,189.99,187.83,189.54,676863.6
2025-08-17 00:00:00,189.54,191.9,187.2,191.56,1768147.2
2025-08-17 04:00:00,191.56,193.45,191.17,191.77,1479029.7
2025-08-17 08:00:00,191.77,193.54,191.38,193.48,1414009.6
2025-08-17 12:00:00,193.48,195.45,191.75,195.41,1665431.9
2025-08-17 16:00:00,195.41,195.78,190.38,191.13,2054897.7
2025-08-17 20:00:00,191.13,193.4,190.76,190.94,1077481.9
2025-08-18 00:00:00,190.94,191.25,181.7,182.55,3860152.6
2025-08-18 04:00:00,182.55,183.38,180.09,180.54,2473755.8
2025-08-18 08:00:00,180.54,181.91,179.66,181.23,1977074.2
2025-08-18 12:00:00,181.23,183.29,180.4,182.97,2636362.0
2025-08-18 16:00:00,182.97,185.68,181.63,183.09,2778348.6
2025-08-18 20:00:00,183.09,184.93,181.94,182.82,1191328.8
2025-08-19 00:00:00,182.82,185.78,178.01,178.42,2528530.7
2025-08-19 04:00:00,178.42,180.49,177.21,180.04,1690057.4
2025-08-19 08:00:00,180.04,182.8,179.0,182.62,1455062.5
2025-08-19 12:00:00,182.62,183.4,177.43,177.92,3648507.8
2025-08-19 16:00:00,177.92,178.75,175.64,176.69,2536794.4
2025-08-19 20:00:00,176.69,179.46,175.8,176.14,1407843.2
2025-08-20 00:00:00,176.14,181.47,175.96,180.47,1879872.0
2025-08-20 04:00:00,180.47,181.67,179.77,180.47,1035067.5
2025-08-20 08:00:00,180.47,182.23,178.23,180.24,1807602.5
2025-08-20 12:00:00,180.24,185.06,177.3,182.95,4004134.3
2025-08-20 16:00:00,182.95,187.96,182.46,187.55,2818261.6
2025-08-20 20:00:00,187.55,187.9,185.66,187.86,1564245.6
2025-08-21 00:00:00,187.86,190.08,185.39,188.38,2753642.1
2025-08-21 04:00:00,188.38,188.63,185.77,186.95,1382183.3
2025-08-21 08:00:00,186.95,187.0,183.33,183.92,1704552.5
2025-08-21 12:00:00,183.92,186.37,181.32,181.55,3180194.2
2025-08-21 16:00:00,181.55,182.85,179.75,180.04,2647502.0
2025-08-21 20:00:00,180.04,181.79,179.27,180.24,1407592.2
2025-08-22 00:00:00,180.24,183.47,179.9,181.66,1515273.0
2025-08-22 04:00:00,181.66,184.27,181.63,183.89,1069785.2
2025-08-22 08:00:00,183.89,184.99,179.44,179.49,1871603.7
2025-08-22 12:00:00,179.49,195.5,177.11,193.5,11122782.4
2025-08-22 16:00:00,193.5,199.76,193.49,198.98,4536447.9
2025-08-22 20:00:00,198.98,202.41,198.34,200.65,2837924.5
2025-08-23 00:00:00,200.65,200.8,195.3,198.2,2229267.1
2025-08-23 04:00:00,198.2,208.68,198.12,205.29,4535380.1
2025-08-23 08:00:00,205.29,205.75,201.67,202.12,1982208.4
2025-08-23 12:00:00,202.12,204.0,200.69,202.7,2232954.2
2025-08-23 16:00:00,202.7,204.62,202.31,204.14,1095481.0
2025-08-23 20:00:00,204.14,204.94,202.86,204.18,664306.8
2025-08-24 00:00:00,204.18,212.06,204.18,209.11,3768740.3
2025-08-24 04:00:00,209.11,210.85,206.64,206.74,2097372.8
2025-08-24 08:00:00,206.74,209.15,203.4,204.55,2810560.5
2025-08-24 12:00:00,204.55,209.43,203.62,205.65,2900927.9
2025-08-24 16:00:00,205.65,212.1,201.45,205.11,6370873.9
2025-08-24 20:00:00,205.11,207.2,201.12,206.05,3678502.1
2025-08-25 00:00:00,206.05,213.71,202.28,209.34,5025655.3
2025-08-25 04:00:00,209.34,209.8,198.52,199.81,5040168.6
2025-08-25 08:00:00,199.81,200.76,194.82,197.44,4202810.1
2025-08-25 12:00:00,197.44,199.41,195.4,196.46,3624836.4
2025-08-25 16:00:00,196.46,198.26,190.89,191.35,3315935.1
2025-08-25 20:00:00,191.35,192.05,185.23,187.05,4519863.9
2025-08-26 00:00:00,187.05,189.19,185.45,186.79,2245928.1
2025-08-26 04:00:00,186.79,189.82,186.79,188.77,1509501.3
2025-08-26 08:00:00,188.77,190.25,186.5,187.83,1619285.8
2025-08-26 12:00:00,187.83,192.45,187.05,190.67,4413459.6
2025-08-26 16:00:00,190.67,197.43,190.45,197.33,2411697.7
2025-08-26 20:00:00,197.33,198.05,195.3,195.78,1572887.9
2025-08-27 00:00:00,195.78,202.99,193.73,201.92,2760416.1
2025-08-27 04:00:00,201.92,205.71,200.8,202.39,3877402.7
2025-08-27 08:00:00,202.39,205.35,201.5,204.94,2372412.1
2025-08-27 12:00:00,204.94,209.45,202.5,208.6,4412003.0
2025-08-27 16:00:00,208.6,212.09,205.81,206.34,4218665.1
2025-08-27 20:00:00,206.34,209.6,202.38,202.92,5687893.1
2025-08-28 00:00:00,202.92,208.28,201.64,208.08,2328263.8
2025-08-28 04:00:00,208.08,213.39,207.39,213.09,3646966.7
2025-08-28 08:00:00,213.09,216.6,211.35,213.14,3508895.3
2025-08-28 12:00:00,213.14,216.9,210.06,210.88,5265902.4
2025-08-28 16:00:00,210.88,213.92,206.87,209.82,3765436.1
2025-08-28 20:00:00,209.82,215.69,209.44,214.3,2328080.2
2025-08-29 00:00:00,214.3,217.89,211.89,216.77,4244933.1
2025-08-29 04:00:00,216.77,217.84,207.7,208.73,4963909.7
2025-08-29 08:00:00,208.73,210.07,205.27,207.47,3939525.2
2025-08-29 12:00:00,207.47,214.81,203.51,204.3,7399170.0
2025-08-29 16:00:00,204.3,205.42,201.17,202.87,3766835.7
2025-08-29 20:00:00,202.87,205.37,199.82,204.99,2426699.0
2025-08-30 00:00:00,204.99,206.6,200.61,205.56,2192533.4
2025-08-30 04:00:00,205.56,206.99,204.29,205.0,1738013.2
2025-08-30 08:00:00,205.0,205.5,201.54,202.52,1607228.9
2025-08-30 12:00:00,202.52,202.57,197.42,200.95,2308313.9
2025-08-30 16:00:00,200.95,201.6,199.64,201.17,1009728.7
2025-08-30 20:00:00,201.17,203.26,199.64,202.63,1022095.5
2025-08-31 00:00:00,202.63,206.6,202.61,205.49,1937841.0
2025-08-31 04:00:00,205.49,205.56,202.67,203.45,1333409.2
2025-08-31 08:00:00,203.45,205.77,202.08,203.59,1429358.4
2025-08-31 12:00:00,203.59,204.83,201.39,204.5,1429969.4
2025-08-31 16:00:00,204.5,205.88,203.56,204.52,905896.5
2025-08-31 20:00:00,204.52,205.76,200.2,200.51,1666153.7
2025-09-01 00:00:00,200.51,202.44,196.02,198.28,3097107.5
2025-09-01 04:00:00,198.28,202.9,196.51,202.89,2066083.4
2025-09-01 08:00:00,202.89,204.56,198.28,199.31,2215812.7
2025-09-01 12:00:00,199.31,201.06,197.58,198.27,1800498.8
2025-09-01 16:00:00,198.27,200.06,197.2,200.05,1228139.1
2025-09-01 20:00:00,200.05,200.08,194.03,197.23,2559327.9
2025-09-02 00:00:00,197.23,203.31,196.67,201.8,2716563.0
2025-09-02 04:00:00,201.8,204.44,201.32,202.06,1914619.1
2025-09-02 08:00:00,202.06,204.46,201.56,201.9,1784775.1
2025-09-02 12:00:00,201.9,205.09,197.19,200.21,6149679.2
2025-09-02 16:00:00,200.21,207.0,199.23,205.45,3575070.5
2025-09-02 20:00:00,205.45,209.77,204.76,209.6,2318464.2
2025-09-03 00:00:00,209.6,211.97,207.34,209.96,2406327.1
2025-09-03 04:00:00,209.96,210.42,207.88,209.32,1229866.4
2025-09-03 08:00:00,209.32,211.28,208.08,210.28,1743808.6
2025-09-03 12:00:00,210.28,212.99,208.7,211.24,3623653.9
2025-09-03 16:00:00,211.24,211.88,208.71,210.23,1623799.1
2025-09-03 20:00:00,210.23,210.84,208.2,210.64,979945.1
2025-09-04 00:00:00,210.64,211.83,207.24,208.08,1837161.9
2025-09-04 04:00:00,208.08,208.46,205.52,206.55,1436443.0
2025-09-04 08:00:00,206.55,208.72,206.45,207.11,1196321.8
2025-09-04 12:00:00,207.11,208.41,203.26,203.66,2893135.5
2025-09-04 16:00:00,203.66,205.12,201.71,202.01,1845569.6
2025-09-04 20:00:00,202.01,204.69,201.78,202.19,1336294.1
2025-09-05 00:00:00,202.19,203.99,200.77,203.45,1305069.2
2025-09-05 04:00:00,203.45,208.45,202.89,207.79,1645380.2
2025-09-05 08:00:00,207.79,207.92,204.41,206.54,1528856.5
2025-09-05 12:00:00,206.54,209.99,201.47,203.47,6358964.9
2025-09-05 16:00:00,203.47,205.49,201.76,205.37,1966891.3
2025-09-05 20:00:00,205.37,205.63,202.55,203.32,1424480.9
2025-09-06 00:00:00,203.32,204.58,203.03,204.02,601747.9
2025-09-06 04:00:00,204.02,204.02,201.99,202.96,739300.8
2025-09-06 08:00:00,202.96,203.48,201.8,202.3,567249.7
2025-09-06 12:00:00,202.3,202.79,200.87,201.13,997232.5
2025-09-06 16:00:00,201.13,202.27,199.17,199.64,1367806.8
2025-09-06 20:00:00,199.64,201.16,199.61,200.09,484355.5
2025-09-07 00:00:00,200.09,203.33,200.0,202.85,1079177.1
2025-09-07 04:00:00,202.85,203.33,202.18,202.98,510905.0
2025-09-07 08:00:00,202.98,204.01,202.66,203.94,812736.7
2025-09-07 12:00:00,203.94,205.51,203.05,205.08,973706.0
2025-09-07 16:00:00,205.08,205.42,201.32,203.03,1647424.0
2025-09-07 20:00:00,203.03,207.94,202.5,206.29,2254471.2
2025-09-08 00:00:00,206.29,208.95,205.51,207.59,1763153.8
2025-09-08 04:00:00,207.59,208.77,206.63,207.84,1300444.3
2025-09-08 08:00:00,207.84,215.83,207.29,214.25,4843617.5
2025-09-08 12:00:00,214.25,216.64,212.85,214.96,3101347.1
2025-09-08 16:00:00,214.96,216.94,213.74,215.99,2662782.7
2025-09-08 20:00:00,215.99,216.06,213.46,214.04,1190177.0
2025-09-09 00:00:00,214.04,214.82,210.8,214.55,2049878.1
2025-09-09 04:00:00,214.55,219.83,213.85,219.23,2757083.3
2025-09-09 08:00:00,219.23,219.56,216.87,217.16,1692753.4
2025-09-09 12:00:00,217.16,218.48,211.61,212.96,5037517.7
2025-09-09 16:00:00,212.96,216.91,212.89,216.22,2312351.1
2025-09-09 20:00:00,216.22,217.77,214.88,217.11,1539313.5
2025-09-10 00:00:00,217.11,219.61,214.99,219.15,2126798.5
2025-09-10 04:00:00,219.15,222.94,217.74,222.22,2334995.5
2025-09-10 08:00:00,222.22,222.39,218.76,220.15,2134694.6
2025-09-10 12:00:00,220.15,225.9,219.61,223.01,5368402.3
2025-09-10 16:00:00,223.01,224.05,220.45,221.14,2067545.1
2025-09-10 20:00:00,221.14,224.6,220.85,223.99,1150031.7
2025-09-11 00:00:00,223.99,225.58,222.85,224.02,1538903.9
2025-09-11 04:00:00,224.02,224.17,221.34,223.09,2040225.5
2025-09-11 08:00:00,223.09,225.8,222.14,224.95,2109217.4
2025-09-11 12:00:00,224.95,228.89,222.5,226.67,7085781.5
2025-09-11 16:00:00,226.67,228.23,225.02,226.46,1649378.7
2025-09-11 20:00:00,226.46,228.88,225.29,228.61,1337691.4
2025-09-12 00:00:00,228.61,235.64,227.99,234.94,3692749.3
2025-09-12 04:00:00,234.94,239.7,234.06,237.28,3839605.1
2025-09-12 08:00:00,237.28,239.55,236.58,239.06,1810563.2
2025-09-12 12:00:00,239.06,241.8,237.5,239.18,3302915.4
2025-09-12 16:00:00,239.18,241.38,237.83,240.81,2283412.2
2025-09-12 20:00:00,240.81,244.18,238.1,242.08,3782475.8
2025-09-13 00:00:00,242.08,244.03,240.58,243.51,1653484.5
2025-09-13 04:00:00,243.51,243.64,241.12,242.33,1168607.2
2025-09-13 08:00:00,242.33,243.61,241.2,241.81,1220550.4
2025-09-13 12:00:00,241.81,243.0,237.72,239.42,2744656.6
2025-09-13 16:00:00,239.42,239.68,235.65,238.91,2299897.5
2025-09-13 20:00:00,238.91,243.07,238.79,242.29,1525847.1
2025-09-14 00:00:00,242.29,249.57,242.07,246.84,3473254.1
2025-09-14 04:00:00,246.84,248.25,244.37,246.24,1814569.7
2025-09-14 08:00:00,246.24,247.99,245.41,245.98,1558333.0
2025-09-14 12:00:00,245.98,246.65,241.35,243.67,3016078.1
2025-09-14 16:00:00,243.67,248.43,241.9,242.33,3097997.1
2025-09-14 20:00:00,242.33,244.56,239.0,239.59,2648498.7
2025-09-15 00:00:00,239.59,243.35,239.05,242.5,1705605.1
2025-09-15 04:00:00,242.5,243.94,236.0,237.83,2577670.4
2025-09-15 08:00:00,237.83,237.97,231.49,236.36,4596983.1
2025-09-15 12:00:00,236.36,238.26,231.84,232.89,3372508.7
2025-09-15 16:00:00,232.89,234.68,230.07,232.92,2573587.8
2025-09-15 20:00:00,232.92,235.36,232.66,234.27,1084199.6
2025-09-16 00:00:00,234.27,235.74,232.77,234.99,988688.1
2025-09-16 04:00:00,234.99,236.93,232.88,235.67,1130876.3
2025-09-16 08:00:00,235.67,236.85,234.66,235.32,994699.1
2025-09-16 12:00:00,235.32,238.1,231.12,237.71,3077968.1
2025-09-16 16:00:00,237.71,240.87,236.11,237.69,2881599.9
2025-09-16 20:00:00,237.69,238.86,236.22,236.84,1183112.2
2025-09-17 00:00:00,236.84,237.75,233.7,233.99,1411980.3
2025-09-17 04:00:00,233.99,237.98,233.06,237.64,1433747.4
2025-09-17 08:00:00,237.64,237.66,233.56,234.05,1588129.8
2025-09-17 12:00:00,234.05,235.93,233.46,233.81,1416503.9
2025-09-17 16:00:00,233.81,239.07,231.31,238.66,6606509.8
2025-09-17 20:00:00,238.66,246.65,235.65,244.72,4188759.2
2025-09-18 00:00:00,244.72,247.79,244.04,246.63,1703725.6
2025-09-18 04:00:00,246.63,246.93,242.44,244.63,1687959.5
2025-09-18 08:00:00,244.63,247.11,244.22,245.83,1649883.9
2025-09-18 12:00:00,245.83,248.96,244.79,248.08,3058661.8
2025-09-18 16:00:00,248.08,253.4,247.18,248.19,3890832.9
2025-09-18 20:00:00,248.19,249.01,245.79,247.41,1348098.9
2025-09-19 00:00:00,247.41,248.43,244.51,244.93,1694480.1
2025-09-19 04:00:00,244.93,245.58,242.46,243.72,2226240.5
2025-09-19 08:00:00,243.72,244.78,240.11,240.84,1863849.4
2025-09-19 12:00:00,240.84,242.57,235.68,237.4,3802066.0
2025-09-19 16:00:00,237.4,238.78,234.94,235.85,1819623.1
2025-09-19 20:00:00,235.85,238.77,235.85,238.44,948221.7
2025-09-20 00:00:00,238.44,239.84,237.25,237.97,769931.9
2025-09-20 04:00:00,237.97,239.67,237.58,239.62,404236.2
2025-09-20 08:00:00,239.62,239.62,236.74,238.01,662080.1
2025-09-20 12:00:00,238.01,241.12,236.88,239.98,1098882.5
2025-09-20 16:00:00,239.98,240.96,237.81,238.49,809707.5
2025-09-20 20:00:00,238.49,240.21,238.28,239.35,401934.0
2025-09-21 00:00:00,239.35,241.66,238.8,241.66,519234.1
2025-09-21 04:00:00,241.66,241.7,239.36,239.77,469529.9
2025-09-21 08:00:00,239.77,239.98,236.9,238.54,1173171.6
2025-09-21 12:00:00,238.54,240.2,237.55,237.76,655021.5
2025-09-21 16:00:00,237.76,238.29,235.98,237.9,821136.5
2025-09-21 20:00:00,237.9,238.07,235.2,236.07,1189609.9
2025-09-22 00:00:00,236.07,236.93,230.46,232.76,3426272.6
2025-09-22 04:00:00,232.76,233.1,212.46,221.86,7128550.1
2025-09-22 08:00:00,221.86,222.78,219.3,221.43,2363389.4
2025-09-22 12:00:00,221.43,223.96,219.82,220.64,2316419.1
2025-09-22 16:00:00,220.64,221.44,216.42,217.04,2294361.4
2025-09-22 20:00:00,217.04,220.98,216.32,220.29,1066373.2
2025-09-23 00:00:00,220.29,221.33,212.27,216.86,2988702.4
2025-09-23 04:00:00,216.86,220.16,213.92,218.85,2100773.8
2025-09-23 08:00:00,218.85,220.79,217.76,219.21,1307591.6
2025-09-23 12:00:00,219.21,220.59,216.9,219.13,1780287.9
2025-09-23 16:00:00,219.13,221.67,214.2,214.42,2455595.2
2025-09-23 20:00:00,214.42,216.64,213.1,213.21,1321054.6
2025-09-24 00:00:00,213.21,216.42,207.22,208.46,3685671.6
2025-09-24 04:00:00,208.46,211.45,204.49,210.56,3903339.5
2025-09-24 08:00:00,210.56,212.58,209.7,212.31,1206066.8
2025-09-24 12:00:00,212.31,216.18,211.34,213.45,2594297.8
2025-09-24 16:00:00,213.45,215.36,212.28,213.05,1254236.9
2025-09-24 20:00:00,213.05,213.11,210.54,211.47,941547.9
2025-09-25 00:00:00,211.47,212.32,205.92,207.17,3648962.1
2025-09-25 04:00:00,207.17,207.48,202.41,204.07,3100755.9
2025-09-25 08:00:00,204.07,205.85,200.63,201.3,2358631.6
2025-09-25 12:00:00,201.3,203.93,196.7,201.06,5304383.9
2025-09-25 16:00:00,201.06,201.9,193.35,198.06,5785337.9
2025-09-25 20:00:00,198.06,198.67,191.0,192.62,2978665.8
2025-09-26 00:00:00,192.62,197.5,192.43,196.42,2131801.0
2025-09-26 04:00:00,196.42,197.38,193.67,196.23,1785040.0
2025-09-26 08:00:00,196.23,196.93,190.72,193.4,2391920.3
2025-09-26 12:00:00,193.4,198.26,192.08,195.93,3645549.0
2025-09-26 16:00:00,195.93,202.52,195.69,200.53,3177075.8
2025-09-26 20:00:00,200.53,205.3,199.41,204.98,1555982.8
2025-09-27 00:00:00,204.98,205.3,203.45,203.8,1049094.7
2025-09-27 04:00:00,203.8,204.04,201.46,201.97,792959.8
2025-09-27 08:00:00,201.97,202.14,199.76,201.58,1192552.8
2025-09-27 12:00:00,201.58,203.66,200.83,203.43,1131782.4
2025-09-27 16:00:00,203.43,203.5,200.73,202.1,908514.9
2025-09-27 20:00:00,202.1,204.81,201.75,203.33,653449.2
2025-09-28 00:00:00,203.33,203.99,200.56,201.29,1016664.1
2025-09-28 04:00:00,201.29,202.32,200.22,201.97,640602.7
2025-09-28 08:00:00,201.97,202.61,199.09,199.71,1212804.2
2025-09-28 12:00:00,199.71,203.44,197.85,203.3,1767430.8
2025-09-28 16:00:00,203.3,206.58,203.12,206.06,1983603.2
2025-09-28 20:00:00,206.06,210.85,205.86,210.67,1857883.7
2025-09-29 00:00:00,210.67,210.77,208.68,210.17,1272045.6
2025-09-29 04:00:00,210.17,210.57,207.26,208.81,1118631.8
2025-09-29 08:00:00,208.81,209.55,205.85,206.97,1335579.7
2025-09-29 12:00:00,206.97,213.38,204.41,209.96,4030078.8
2025-09-29 16:00:00,209.96,213.4,207.51,212.82,2059875.0
2025-09-29 20:00:00,212.82,214.59,212.24,212.58,1515447.1
2025-09-30 00:00:00,212.58,213.53,209.64,210.56,1540561.0
2025-09-30 04:00:00,210.56,211.76,208.4,208.9,1355723.7
2025-09-30 08:00:00,208.9,208.92,205.38,206.89,1984147.3
2025-09-30 12:00:00,206.89,209.47,204.41,205.87,2902200.4
2025-09-30 16:00:00,205.87,209.19,204.13,208.82,1708268.3
2025-09-30 20:00:00,208.82,210.96,207.27,208.61,2210870.7
2025-10-01 00:00:00,208.61,210.88,206.36,206.57,1916459.9
2025-10-01 04:00:00,206.57,210.26,206.17,210.02,1619176.1
2025-10-01 08:00:00,210.02,217.9,209.72,217.67,4395701.4
2025-10-01 12:00:00,217.67,220.54,217.07,220.09,2870247.2
2025-10-01 16:00:00,220.09,220.96,217.11,219.94,1987869.0
2025-10-01 20:00:00,219.94,222.69,218.24,221.94,1266242.1
2025-10-02 00:00:00,221.94,224.98,219.38,223.71,2452143.6
2025-10-02 04:00:00,223.71,226.8,222.29,222.83,2710022.4
2025-10-02 08:00:00,222.83,226.56,222.6,225.13,1305191.8
2025-10-02 12:00:00,225.13,227.3,222.45,227.03,2862527.1
2025-10-02 16:00:00,227.03,233.65,225.85,232.06,3651509.6
2025-10-02 20:00:00,232.06,234.88,230.53,234.62,1663200.0
2025-10-03 00:00:00,234.62,234.77,230.37,232.11,1619041.0
2025-10-03 04:00:00,232.11,233.1,227.42,229.27,1711419.7
2025-10-03 08:00:00,229.27,231.64,227.68,230.68,1482364.2
2025-10-03 12:00:00,230.68,235.04,226.84,234.74,2950999.2
2025-10-03 16:00:00,234.74,236.99,227.87,233.07,4966553.2
2025-10-03 20:00:00,233.07,233.98,230.32,232.72,1429050.5
2025-10-04 00:00:00,232.72,233.97,227.81,229.14,1779410.2
2025-10-04 04:00:00,229.14,230.43,228.64,228.99,725789.8
2025-10-04 08:00:00,228.99,229.84,228.1,229.08,740917.0
2025-10-04 12:00:00,229.08,229.74,224.03,224.74,1968914.8
2025-10-04 16:00:00,224.74,227.0,224.04,226.84,1246725.7
2025-10-04 20:00:00,226.84,228.29,226.79,227.71,621857.1
2025-10-05 00:00:00,227.71,232.22,226.3,230.8,1939560.1
2025-10-05 04:00:00,230.8,236.92,230.77,236.54,2691576.2
2025-10-05 08:00:00,236.54,237.24,230.67,232.58,2837097.2
2025-10-05 12:00:00,232.58,232.6,228.08,230.06,1898718.7
2025-10-05 16:00:00,230.06,231.41,226.36,227.04,2085663.1
2025-10-05 20:00:00,227.04,229.2,226.59,228.48,968237.4
2025-10-06 00:00:00,228.48,233.22,227.42,232.14,1861486.3
2025-10-06 04:00:00,232.14,234.75,230.0,231.25,1610589.2
2025-10-06 08:00:00,231.25,234.06,231.25,232.89,1252452.2
2025-10-06 12:00:00,232.89,236.68,232.52,235.57,2826488.0
2025-10-06 16:00:00,235.57,237.75,233.89,235.23,2073826.0
2025-10-06 20:00:00,235.23,236.05,231.27,232.27,2000251.8
2025-10-07 00:00:00,232.27,233.85,230.85,233.82,1176011.5
2025-10-07 04:00:00,233.82,235.17,229.11,230.92,2276761.9
2025-10-07 08:00:00,230.92,231.55,228.19,230.35,1537884.5
2025-10-07 12:00:00,230.35,231.56,221.19,223.65,6011917.5
2025-10-07 16:00:00,223.65,225.24,220.51,221.59,2363174.1
2025-10-07 20:00:00,221.59,224.24,219.52,219.81,1396407.0
2025-10-08 00:00:00,219.81,222.66,217.62,218.19,1961343.4
2025-10-08 04:00:00,218.19,220.88,217.12,220.84,1222372.2
2025-10-08 08:00:00,220.84,222.56,220.51,221.05,1184366.0
2025-10-08 12:00:00,221.05,224.09,218.68,221.11,2802698.6
2025-10-08 16:00:00,221.11,229.49,220.58,229.2,2644739.7
2025-10-08 20:00:00,229.2,229.65,227.29,228.92,1006067.9
2025-10-09 00:00:00,228.92,229.61,223.73,226.07,1786650.6
2025-10-09 04:00:00,226.07,228.65,224.02,224.36,1428652.1
2025-10-09 08:00:00,224.36,224.72,219.23,223.01,2673397.6
2025-10-09 12:00:00,223.01,226.24,218.3,218.94,3938773.8
2025-10-09 16:00:00,218.94,219.99,216.37,218.19,2409335.3
2025-10-09 20:00:00,218.19,221.56,217.45,220.84,954777.2
2025-10-10 00:00:00,220.84,222.8,219.38,221.55,1180401.6
2025-10-10 04:00:00,221.55,222.88,217.69,217.94,1407811.0
2025-10-10 08:00:00,217.94,221.49,217.2,221.05,1138220.3
2025-10-10 12:00:00,221.05,224.35,208.79,210.52,6779335.0
2025-10-10 16:00:00,210.52,212.85,203.3,205.23,4874132.6
2025-10-10 20:00:00,205.23,207.69,146.57,188.02,21070071.4
2025-10-11 00:00:00,188.02,190.68,181.62,184.09,3801745.8
2025-10-11 04:00:00,184.09,186.32,179.28,182.6,3362307.4
2025-10-11 08:00:00,182.6,187.99,181.25,183.49,2441889.8
2025-10-11 12:00:00,183.49,184.87,180.3,183.59,2424330.4
2025-10-11 16:00:00,183.59,184.58,176.14,177.26,2181990.9
2025-10-11 20:00:00,177.26,178.48,172.33,177.29,2610687.4
2025-10-12 00:00:00,177.29,178.31,172.64,176.86,2313819.8
2025-10-12 04:00:00,176.86,182.81,176.4,182.37,1713560.9
2025-10-12 08:00:00,182.37,182.53,179.97,180.73,1493387.5
2025-10-12 12:00:00,180.73,191.73,178.02,191.07,5422198.2
2025-10-12 16:00:00,191.07,196.39,191.02,195.69,3938732.0
2025-10-12 20:00:00,195.69,198.85,192.84,196.88,2868201.7
2025-10-13 00:00:00,196.88,199.91,194.07,194.62,2699439.2
2025-10-13 04:00:00,194.62,199.45,192.75,196.68,2074014.5
2025-10-13 08:00:00,196.68,198.58,189.54,192.45,2471102.8
2025-10-13 12:00:00,192.45,197.58,191.16,196.3,3856787.3
2025-10-13 16:00:00,196.3,208.71,196.09,206.98,4966860.5
2025-10-13 20:00:00,206.98,209.2,206.65,208.59,1445538.3
2025-10-14 00:00:00,208.59,211.23,204.75,205.6,2901083.4
2025-10-14 04:00:00,205.6,205.75,191.72,194.33,5405079.7
2025-10-14 08:00:00,194.33,197.45,190.74,195.26,4513778.9
2025-10-14 12:00:00,195.26,202.56,191.35,202.1,5645097.0
2025-10-14 16:00:00,202.1,206.45,196.89,198.45,5539665.9
2025-10-14 20:00:00,198.45,203.33,198.03,202.35,1271643.8
2025-10-15 00:00:00,202.35,205.8,200.85,201.57,1962991.7
2025-10-15 04:00:00,201.57,205.31,200.39,204.57,1936554.5
2025-10-15 08:00:00,204.57,208.88,201.86,202.45,3069384.8
2025-10-15 12:00:00,202.45,204.88,196.11,197.03,4816959.6
2025-10-15 16:00:00,197.03,198.67,194.04,194.71,2585180.9
2025-10-15 20:00:00,194.71,196.49,191.84,193.7,2104183.1
2025-10-16 00:00:00,193.7,196.08,193.0,193.51,1140415.7
2025-10-16 04:00:00,193.51,195.49,191.11,192.74,1592600.7
2025-10-16 08:00:00,192.74,197.21,186.0,196.69,4055757.7
2025-10-16 12:00:00,196.69,198.3,186.41,187.48,5427554.9
2025-10-16 16:00:00,187.48,192.2,183.53,184.94,4880773.7
2025-10-16 20:00:00,184.94,186.01,181.93,184.78,2121732.6
2025-10-17 00:00:00,184.78,187.49,184.16,187.02,1486238.3
2025-10-17 04:00:00,187.02,187.38,177.24,177.65,3311995.3
2025-10-17 08:00:00,177.65,182.64,173.93,181.35,5287461.1
2025-10-17 12:00:00,181.35,182.77,176.13,182.62,4322547.1
2025-10-17 16:00:00,182.62,185.39,181.32,181.87,2453905.8
2025-10-17 20:00:00,181.87,186.0,181.36,181.85,1291092.1
2025-10-18 00:00:00,181.85,185.45,181.59,184.72,1219635.6
2025-10-18 04:00:00,184.72,188.24,182.9,186.14,1563581.8
2025-10-18 08:00:00,186.14,187.09,184.26,185.97,1429507.3
2025-10-18 12:00:00,185.97,187.27,183.86,184.91,1160511.1
2025-10-18 16:00:00,184.91,186.38,183.23,186.29,990364.5
2025-10-18 20:00:00,186.29,187.77,185.73,187.45,664139.8
2025-10-19 00:00:00,187.45,187.79,184.81,186.95,778135.6
2025-10-19 04:00:00,186.95,187.62,185.09,185.81,685154.0
2025-10-19 08:00:00,185.81,190.05,183.08,188.94,3283573.9
2025-10-19 12:00:00,188.94,191.6,188.04,190.65,1536656.0
2025-10-19 16:00:00,190.65,192.18,188.13,188.78,1878829.5
2025-10-19 20:00:00,188.78,190.14,186.71,187.8,1393502.6
2025-10-20 00:00:00,187.8,191.66,183.71,191.1,2278146.3
2025-10-20 04:00:00,191.1,194.44,190.47,192.96,1720901.1
2025-10-20 08:00:00,192.96,194.1,192.11,193.45,596911.5
